Time,Record No,Azimuth,Pitch,Roll,Accel-X,Accel-Y,Accel-Z
15:01:34,0,1.6723741,0.24578977, -1.5842887,-2.1672015, -0.3290531, 9.068788
15:01:34,1,1.6723741,0.24578977, -1.5842887,-2.1672015, -0.3290531, 9.068788
15:01:34,2,1.6723741,0.24578977, -1.5842887,-2.1672015, -0.3290531, 9.068788
15:01:34,3,1.6723741,0.24578977, -1.5842887,-2.1672015, -0.3290531, 9.068788
15:01:34,4,1.6723741,0.24578977, -1.5842887,-2.1672015, -0.3290531, 9.068788
15:01:34,5,1.6723741,0.24578977, -1.5842887,-2.1672015, -0.3290531, 9.068788
15:01:34,6,-2.9598172,1.5051256, 1.6861708,-2.1672015, -0.3290531, 9.068788
15:01:34,7,-2.9598172,1.5051256, 1.6861708,1.1008838, -2.072032, 9.514109
15:01:34,8,-1.7305872,1.5048031, 2.102778,1.1008838, -2.072032, 9.514109
15:01:34,9,-1.7305872,1.5048031, 2.102778,0.6890812, -2.3425767, 9.612271
15:01:34,10,-1.859002,1.4970378, 2.2250624,0.6890812, -2.3425767, 9.612271
15:01:34,11,-1.859002,1.4970378, 2.2250624,-1.211915, -2.2539914, 9.894787
15:01:34,12,-1.8598156,1.4768072, 2.2230175,-1.211915, -2.2539914, 9.894787
15:01:34,13,-1.8598156,1.4768072, 2.2230175,-1.7194858, -1.7559973, 8.891616
15:01:34,14,-1.9620929,1.4620132, 2.3304381,-1.7194858, -1.7559973, 8.891616
15:01:34,15,-1.9620929,1.4620132, 2.3304381,-0.6037877, -1.7727567, 8.5444565
15:01:34,16,-2.1641684,1.4474913, 2.523003,-0.6037877, -1.7727567, 8.5444565
15:01:34,17,-2.1641684,1.4474913, 2.523003,-0.08903438, -2.4000375, 8.661773
15:01:34,18,-2.3437958,1.4268848, 2.6850739,-0.08903438, -2.4000375, 8.661773
15:01:34,19,-2.3437958,1.4268848, 2.6850739,0.734571, -3.070414, 9.080758
15:01:34,20,-2.6119704,1.365974, 2.912863,0.734571, -3.070414, 9.080758
15:01:34,21,-2.6119704,1.365974, 2.912863,-0.47689506, -2.8764837, 9.573964
15:01:34,22,-2.6715953,1.3222046, 2.9489393,-0.47689506, -2.8764837, 9.573964
15:01:34,23,-2.6715953,1.3222046, 2.9489393,-0.2638111, -3.3146226, 9.200468
15:01:34,24,-2.7254665,1.2789422, 2.9816601,-0.2638111, -3.3146226, 9.200468
15:01:34,25,-2.7254665,1.2789422, 2.9816601,0.071377136, -3.403208, 9.111883
15:01:34,26,-2.7662442,1.258649, 3.0135555,0.071377136, -3.403208, 9.111883
15:01:35,27,-2.7662442,1.258649, 3.0135555,0.07616554, -3.5995326, 8.652196
15:01:35,28,-2.8209684,1.2361027, 3.0526218,0.07616554, -3.5995326, 8.652196
15:01:35,29,-2.8209684,1.2361027, 3.0526218,-0.34042555, -3.925144, 8.886827
15:01:35,30,-2.8442981,1.214295, 3.0672185,-0.34042555, -3.925144, 8.886827
15:01:35,31,-2.8442981,1.214295, 3.0672185,-0.41704002, -3.925144, 8.714445
15:01:35,32,-2.8383312,1.2079653, 3.058323,-0.41704002, -3.925144, 8.714445
15:01:35,33,-2.8383312,1.2079653, 3.058323,-0.3954922, -3.9873934, 8.589947
15:01:35,34,-2.8387165,1.1997601, 3.057562,-0.3954922, -3.9873934, 8.589947
15:01:35,35,-2.8387165,1.1997601, 3.057562,-0.19437926, -4.222025, 8.642619
15:01:35,36,-2.8484685,1.1754073, 3.0645173,-0.19437926, -4.222025, 8.642619
15:01:35,37,-2.8484685,1.1754073, 3.0645173,-0.25662848, -4.1956887, 8.7431755
15:01:35,38,-2.8475595,1.1580794, 3.0632098,-0.25662848, -4.1956887, 8.7431755
15:01:35,39,-2.8475595,1.1580794, 3.0632098,-0.8503905, -4.0759788, 8.855703
15:01:35,40,-2.8230479,1.1527417, 3.0390706,-0.8503905, -4.0759788, 8.855703
15:01:35,41,-2.8230479,1.1527417, 3.0390706,-0.89109194, -3.87726, 8.774301
15:01:35,42,-2.8086362,1.1520091, 3.0242968,-0.89109194, -3.87726, 8.774301
15:01:35,43,-2.8086362,1.1520091, 3.0242968,-0.5702689, -3.9419034, 8.498967
15:01:35,44,-2.7888532,1.1509116, 3.0006812,-0.5702689, -3.9419034, 8.498967
15:01:35,45,-2.7888532,1.1509116, 3.0006812,-0.6756138, -4.1214685, 8.714445
15:01:35,46,-2.7658148,1.1522763, 2.9729998,-0.6756138, -4.1214685, 8.714445
15:01:35,47,-2.7658148,1.1522763, 2.9729998,-0.6109703, -4.114286, 8.738387
15:01:35,48,-2.7482967,1.1537052, 2.9493349,-0.6109703, -4.114286, 8.738387
15:01:35,49,-2.7482967,1.1537052, 2.9493349,-0.5343559, -4.1813235, 8.697686
15:01:35,50,-2.7504852,1.1522474, 2.948295,-0.5343559, -4.1813235, 8.697686
15:01:35,51,-2.7504852,1.1522474, 2.948295,-0.55590373, -4.336947, 8.72881
15:01:35,52,-2.764429,1.1465031, 2.9552088,-0.55590373, -4.336947, 8.72881
15:01:35,53,-2.764429,1.1465031, 2.9552088,-0.87672675, -4.2627263, 8.585158
15:01:35,54,-2.7789342,1.135106, 2.9595606,-0.87672675, -4.2627263, 8.585158
15:01:35,55,-2.7789342,1.135106, 2.9595606,-0.6157588, -4.1789293, 8.6091
15:01:35,56,-2.8103282,1.1211373, 2.986087,-0.6157588, -4.1789293, 8.6091
15:01:36,57,-2.8103282,1.1211373, 2.986087,-0.66364276, -3.9395092, 8.539668
15:01:36,58,-2.8135068,1.1203556, 2.9913545,-0.66364276, -3.9395092, 8.539668
15:01:36,59,-2.8135068,1.1203556, 2.9913545,-0.678008, -4.018518, 8.549245
15:01:36,60,-2.8103936,1.121219, 2.9960837,-0.678008, -4.018518, 8.549245
15:01:36,61,-2.8103936,1.121219, 2.9960837,-0.7043442, -4.1837177, 8.7431755
15:01:36,62,-2.8003254,1.122474, 2.9935021,-0.7043442, -4.1837177, 8.7431755
15:01:36,63,-2.8003254,1.122474, 2.9935021,-0.618153, -4.2531495, 8.621072
15:01:36,64,-2.7982206,1.1204847, 2.9935486,-0.618153, -4.2531495, 8.621072
15:01:36,65,-2.7982206,1.1204847, 2.9935486,-0.5056255, -4.210054, 8.463054
15:01:36,66,-2.804166,1.1172659, 2.9996297,-0.5056255, -4.210054, 8.463054
15:01:36,67,-2.804166,1.1172659, 2.9996297,-0.5415385, -4.1837177, 8.388834
15:01:36,68,-2.8113625,1.1122961, 3.009649,-0.5415385, -4.1837177, 8.388834
15:01:36,69,-2.8113625,1.1122961, 3.009649,-0.5463269, -4.222025, 8.635437
15:01:36,70,-2.8096845,1.1087048, 3.0121818,-0.5463269, -4.222025, 8.635437
15:01:36,71,-2.8096845,1.1087048, 3.0121818,-0.6133646, -4.2052655, 8.513332
15:01:36,72,-2.8048856,1.1057495, 3.0107949,-0.6133646, -4.2052655, 8.513332
15:01:36,73,-2.8048856,1.1057495, 3.0107949,-0.66603696, -4.1789293, 8.546851
15:01:36,74,-2.8034902,1.1035467, 3.0108714,-0.66603696, -4.1789293, 8.546851
15:01:36,75,-2.8034902,1.1035467, 3.0108714,-0.66364276, -4.2172365, 8.668956
15:01:36,76,-2.7995923,1.1015122, 3.009108,-0.66364276, -4.2172365, 8.668956
15:01:36,77,-2.7995923,1.1015122, 3.009108,-0.5271733, -4.4398975, 8.589947
15:01:36,78,-2.7987926,1.0978298, 3.0087783,-0.5271733, -4.4398975, 8.589947
15:01:36,79,-2.7987926,1.0978298, 3.0087783,-0.29493573, -4.5835495, 8.829367
15:01:36,80,-2.803545,1.0947199, 3.0172439,-0.29493573, -4.5835495, 8.829367
15:01:36,81,-2.803545,1.0947199, 3.0172439,-0.6827964, -4.2675147, 8.750359
15:01:36,82,-2.8006003,1.0971484, 3.0180874,-0.6827964, -4.2675147, 8.750359
15:01:36,83,-2.8006003,1.0971484, 3.0180874,-0.65885437, -4.0759788, 8.482207
15:01:36,84,-2.8082685,1.0969589, 3.0312889,-0.65885437, -4.0759788, 8.482207
15:01:37,85,-2.8082685,1.0969589, 3.0312889,-0.66843116, -4.1430163, 8.4486885
15:01:37,86,-2.8136187,1.0968022, 3.0386012,-0.66843116, -4.1430163, 8.4486885
15:01:37,87,-2.8136187,1.0968022, 3.0386012,-0.6804022, -4.188506, 8.573188
15:01:37,88,-2.8127387,1.0964051, 3.0374475,-0.6804022, -4.188506, 8.573188
15:01:37,89,-2.8127387,1.0964051, 3.0374475,-0.6013935, -4.3704658, 8.652196
15:01:37,90,-2.8125346,1.0964156, 3.0372434,-0.6013935, -4.3704658, 8.652196
15:01:37,91,-2.8125346,1.0964156, 3.0372434,-0.56308633, -4.324976, 8.640225
15:01:37,92,-2.809972,1.0976695, 3.0343926,-0.56308633, -4.324976, 8.640225
15:01:37,93,-2.809972,1.0976695, 3.0343926,-0.47210664, -4.4015903, 8.575582
15:01:37,94,-2.8107765,1.096954, 3.0322504,-0.47210664, -4.4015903, 8.575582
15:01:37,95,-2.8107765,1.096954, 3.0322504,-0.45295304, -4.272303, 8.62586
15:01:37,96,-2.816066,1.0960991, 3.0332024,-0.45295304, -4.272303, 8.62586
15:01:37,97,-2.816066,1.0960991, 3.0332024,-0.5319617, -4.3417354, 8.532486
15:01:37,98,-2.81839,1.094708, 3.0337324,-0.5319617, -4.3417354, 8.532486
15:01:37,99,-2.81839,1.094708, 3.0337324,-0.49844286, -4.2292075, 8.506149
15:01:37,100,-2.8214078,1.0938224, 3.0340238,-0.49844286, -4.2292075, 8.506149
15:01:37,101,-2.8214078,1.0938224, 3.0340238,-0.44816464, -4.308216, 8.530091
15:01:37,102,-2.8238559,1.092036, 3.0348775,-0.44816464, -4.308216, 8.530091
15:01:37,103,-2.8238559,1.092036, 3.0348775,-0.4098574, -4.4135613, 8.645014
15:01:37,104,-2.826724,1.0904953, 3.0375633,-0.4098574, -4.4135613, 8.645014
15:01:37,105,-2.826724,1.0904953, 3.0375633,-0.5104139, -4.32737, 8.724022
15:01:37,106,-2.8280902,1.0900965, 3.0390332,-0.5104139, -4.32737, 8.724022
15:01:37,107,-2.8280902,1.0900965, 3.0390332,-0.5750573, -4.3106103, 8.630649
15:01:37,108,-2.8327575,1.0878847, 3.0438225,-0.5750573, -4.3106103, 8.630649
15:01:37,109,-2.8327575,1.0878847, 3.0438225,-0.5223849, -4.200477, 8.513332
15:01:37,110,-2.8358772,1.0875031, 3.0471396,-0.5223849, -4.200477, 8.513332
15:01:37,111,-2.8358772,1.0875031, 3.0471396,-0.5726631, -4.2794857, 8.532486
15:01:37,112,-2.8361468,1.0873736, 3.0468466,-0.5726631, -4.2794857, 8.532486
15:01:38,113,-2.8361468,1.0873736, 3.0468466,-0.46971244, -4.37286, 8.4965725
15:01:38,114,-2.8375337,1.0855434, 3.0467002,-0.46971244, -4.37286, 8.4965725
15:01:38,115,-2.8375337,1.0855434, 3.0467002,-0.46013564, -4.4039845, 8.633042
15:01:38,116,-2.836411,1.0834297, 3.042185,-0.46013564, -4.4039845, 8.633042
15:01:38,117,-2.836411,1.0834297, 3.042185,-0.5128081, -4.375254, 8.470237
15:01:38,118,-2.8324752,1.0825096, 3.0382404,-0.5128081, -4.375254, 8.470237
15:01:38,119,-2.8324752,1.0825096, 3.0382404,-0.5271733, -4.396802, 8.4965725
15:01:38,120,-2.8244424,1.0901066, 3.0324464,-0.5271733, -4.396802, 8.4965725
15:01:38,121,-2.8244424,1.0901066, 3.0324464,-0.7187094, -4.16217, 8.463054
15:01:38,122,-2.8114543,1.0899591, 3.0186424,-0.7187094, -4.16217, 8.463054
15:01:38,123,-2.8114543,1.0899591, 3.0186424,-0.713921, -4.4015903, 8.585158
15:01:38,124,-2.8070595,1.0886416, 3.0129857,-0.713921, -4.4015903, 8.585158
15:01:38,125,-2.8070595,1.0886416, 3.0129857,-0.6205472, -4.269909, 8.542063
15:01:38,126,-2.808252,1.0871515, 3.012825,-0.6205472, -4.269909, 8.542063
15:01:38,127,-2.808252,1.0871515, 3.012825,-0.64209497, -4.3297644, 8.558823
15:01:38,128,-2.814031,1.0864632, 3.0169778,-0.64209497, -4.3297644, 8.558823
15:01:38,129,-2.814031,1.0864632, 3.0169778,-0.56308633, -4.3297644, 8.429535
15:01:38,130,-2.8215866,1.0847375, 3.022335,-0.56308633, -4.3297644, 8.429535
15:01:38,131,-2.8215866,1.0847375, 3.022335,-0.5223849, -4.320187, 8.422353
15:01:38,132,-2.8253899,1.0841295, 3.025046,-0.5223849, -4.320187, 8.422353
15:01:38,133,-2.8253899,1.0841295, 3.025046,-0.55829793, -4.3441296, 8.498967
15:01:38,134,-2.8280947,1.0830324, 3.025251,-0.55829793, -4.3441296, 8.498967
15:01:38,135,-2.8280947,1.0830324, 3.025251,-0.5032313, -4.3656774, 8.510938
15:01:38,136,-2.8332262,1.0819904, 3.028257,-0.5032313, -4.3656774, 8.510938
15:01:38,137,-2.8332262,1.0819904, 3.028257,-0.5032313, -4.3153987, 8.563611
15:01:38,138,-2.8376458,1.0824354, 3.0304236,-0.5032313, -4.3153987, 8.563611
15:01:38,139,-2.8376458,1.0824354, 3.0304236,-0.48647186, -4.3321586, 8.455872
15:01:38,140,-2.8403487,1.0826546, 3.031922,-0.48647186, -4.3321586, 8.455872
15:01:38,141,-2.8403487,1.0826546, 3.031922,-0.41464582, -4.4973583, 8.501361
15:01:39,142,-2.845427,1.0812362, 3.035484,-0.41464582, -4.4973583, 8.501361
15:01:39,143,-2.845427,1.0812362, 3.035484,-0.49365446, -4.5236945, 8.575582
15:01:39,144,-2.8458624,1.0813861, 3.0373688,-0.49365446, -4.5236945, 8.575582
15:01:39,145,-2.8458624,1.0813861, 3.0373688,-0.5391443, -4.4015903, 8.508544
15:01:39,146,-2.8428323,1.082347, 3.038458,-0.5391443, -4.4015903, 8.508544
15:01:39,147,-2.8428323,1.082347, 3.038458,-0.49365446, -4.233996, 8.482207
15:01:39,148,-2.8429277,1.0826384, 3.0403154,-0.49365446, -4.233996, 8.482207
15:01:39,149,-2.8429277,1.0826384, 3.0403154,-0.55590373, -4.2076597, 8.563611
15:01:39,150,-2.8411772,1.0847094, 3.040502,-0.55590373, -4.2076597, 8.563611
15:01:39,151,-2.8411772,1.0847094, 3.040502,-0.5056255, -4.387225, 8.508544
15:01:39,152,-2.8420708,1.0842977, 3.041627,-0.5056255, -4.387225, 8.508544
15:01:39,153,-2.8420708,1.0842977, 3.041627,-0.5152023, -4.3680716, 8.585158
15:01:39,154,-2.8418853,1.0844392, 3.0414383,-0.5152023, -4.3680716, 8.585158
15:01:39,155,-2.8418853,1.0844392, 3.0414383,-0.47450083, -4.336947, 8.53488
15:01:39,156,-2.8418474,1.0845317, 3.0414007,-0.47450083, -4.336947, 8.53488
15:01:39,157,-2.8418474,1.0845317, 3.0414007,-0.49365446, -4.360889, 8.628254
15:01:39,158,-2.842112,1.0848403, 3.0415308,-0.49365446, -4.360889, 8.628254
15:01:39,159,-2.842112,1.0848403, 3.0415308,-0.5415385, -4.3776484, 8.582765
15:01:39,160,-2.841433,1.0867937, 3.0408673,-0.5415385, -4.3776484, 8.582765
15:01:39,161,-2.841433,1.0867937, 3.0408673,-0.5750573, -4.3920135, 8.513332
15:01:39,162,-2.8414772,1.0877612, 3.0402858,-0.5750573, -4.3920135, 8.513332
15:01:39,163,-2.8414772,1.0877612, 3.0402858,-0.5032313, -4.456657, 8.518121
15:01:39,164,-2.8433654,1.0879725, 3.0413487,-0.5032313, -4.456657, 8.518121
15:01:39,165,-2.8433654,1.0879725, 3.0413487,-0.47928926, -4.32737, 8.530091
15:01:39,166,-2.8410282,1.0904588, 3.0388868,-0.47928926, -4.32737, 8.530091
15:01:39,167,-2.8410282,1.0904588, 3.0388868,-0.5343559, -4.2531495, 8.587553
15:01:39,168,-2.8303497,1.091384, 3.0269861,-0.5343559, -4.2531495, 8.587553
15:01:39,169,-2.8303497,1.091384, 3.0269861,-0.5463269, -4.3153987, 8.680926
15:01:40,170,-2.8237324,1.091179, 3.01668,-0.5463269, -4.3153987, 8.680926
15:01:40,171,-2.8237324,1.091179, 3.01668,-0.5319617, -4.336947, 8.455872
15:01:40,172,-2.8248105,1.0885677, 3.0149791,-0.5319617, -4.336947, 8.455872
15:01:40,173,-2.8248105,1.0885677, 3.0149791,-0.5295675, -4.3584948, 8.570793
15:01:40,174,-2.8225865,1.0887392, 3.0076048,-0.5295675, -4.3584948, 8.570793
15:01:40,175,-2.8225865,1.0887392, 3.0076048,-0.5989993, -4.3034277, 8.59713
15:01:40,176,-2.8235965,1.0889037, 3.0038152,-0.5989993, -4.3034277, 8.59713
15:01:40,177,-2.8235965,1.0889037, 3.0038152,-0.43619362, -4.320187, 8.5205145
15:01:40,178,-2.8315465,1.0868766, 3.00796,-0.43619362, -4.320187, 8.5205145
15:01:40,179,-2.8315465,1.0868766, 3.00796,-0.5989993, -4.324976, 8.6091
15:01:40,180,-2.833042,1.0871335, 3.008189,-0.5989993, -4.324976, 8.6091
15:01:40,181,-2.833042,1.0871335, 3.008189,-0.5152023, -4.2986393, 8.486996
15:01:40,182,-2.838641,1.085796, 3.013437,-0.5152023, -4.2986393, 8.486996
15:01:40,183,-2.838641,1.085796, 3.013437,-0.5319617, -4.3920135, 8.558823
15:01:40,184,-2.8406994,1.0880226, 3.0193274,-0.5319617, -4.3920135, 8.558823
15:01:40,185,-2.8406994,1.0880226, 3.0193274,-0.65646017, -4.3680716, 8.71684
15:01:40,186,-2.8411095,1.0895826, 3.0229213,-0.65646017, -4.3680716, 8.71684
15:01:40,187,-2.8411095,1.0895826, 3.0229213,-0.6253356, -4.3034277, 8.486996
15:01:40,188,-2.842109,1.0882401, 3.0245185,-0.6253356, -4.3034277, 8.486996
15:01:40,189,-2.842109,1.0882401, 3.0245185,-0.65646017, -4.248361, 8.441506
15:01:40,190,-2.8421693,1.0857698, 3.02514,-0.65646017, -4.248361, 8.441506
15:01:40,191,-2.8421693,1.0857698, 3.02514,-0.7187094, -4.1693525, 8.566005
15:01:40,192,-2.8407717,1.0819945, 3.0219975,-0.7187094, -4.1693525, 8.566005
15:01:40,193,-2.8407717,1.0819945, 3.0219975,-0.67321956, -4.411167, 8.522909
15:01:40,194,-2.8424685,1.075382, 3.0193908,-0.67321956, -4.411167, 8.522909
15:01:40,195,-2.8424685,1.075382, 3.0193908,-0.44816464, -4.420744, 8.372074
15:01:40,196,-2.8412366,1.0715157, 3.0170445,-0.44816464, -4.420744, 8.372074
15:01:40,197,-2.8412366,1.0715157, 3.0170445,-0.41464582, -4.636222, 8.714445
15:01:40,198,-2.8280847,1.0641373, 3.0055459,-0.41464582, -4.636222, 8.714445
15:01:41,199,-2.8280847,1.0641373, 3.0055459,-0.88869774, -4.846912, 8.975413
15:01:41,200,-2.800841,1.0588253, 2.985868,-0.88869774, -4.846912, 8.975413
15:01:41,201,-2.800841,1.0588253, 2.985868,-0.73786306, -4.746355, 8.685715
15:01:41,202,-2.801299,1.0544044, 2.9923637,-0.73786306, -4.746355, 8.685715
15:01:41,203,-2.801299,1.0544044, 2.9923637,-0.6133646, -4.4638395, 8.237999
15:01:41,204,-2.8040667,1.0573013, 2.9971185,-0.6133646, -4.4638395, 8.237999
15:01:41,205,-2.8040667,1.0573013, 2.9971185,-0.30930093, -4.9139495, 8.439112
15:01:41,206,-2.819374,1.0503789, 3.0163481,-0.30930093, -4.9139495, 8.439112
15:01:41,207,-2.819374,1.0503789, 3.0163481,0.39698857, -5.098303, 8.518121
15:01:41,208,-2.8419187,1.0416459, 3.0562255,0.39698857, -5.098303, 8.518121
15:01:41,209,-2.8419187,1.0416459, 3.0562255,1.0721534, -4.9594393, 9.099912
15:01:41,210,-2.8512826,1.034878, 3.1076312,1.0721534, -4.9594393, 9.099912
15:01:41,211,-2.8512826,1.034878, 3.1076312,2.4583962, -3.2978632, 8.783877
15:01:41,212,-2.8781989,1.039652, -3.122986,2.4583962, -3.2978632, 8.783877
15:01:41,213,-2.8781989,1.039652, -3.122986,2.1567268, -6.168511, 9.3560915
15:01:41,214,-2.9277716,1.0061157, -3.0227761,2.1567268, -6.168511, 9.3560915
15:01:41,215,-2.9277716,1.0061157, -3.0227761,2.171092, -5.359271, 8.941895
15:01:41,216,-3.0121033,1.0348914, -2.87945,2.171092, -5.359271, 8.941895
15:01:41,217,-3.0121033,1.0348914, -2.87945,3.119196, -3.8557122, 7.998579
15:01:41,218,-3.054416,1.0593487, -2.7860122,3.119196, -3.8557122, 7.998579
15:01:41,219,-3.054416,1.0593487, -2.7860122,0.45205522, -4.540454, 7.4718547
15:01:41,220,-3.0194082,1.0753045, -2.8115761,0.45205522, -4.540454, 7.4718547
15:01:41,221,-3.0194082,1.0753045, -2.8115761,-4.5159135, -3.817405, 6.5692406
15:01:41,222,-2.783534,1.1234772, -3.0680676,-4.5159135, -3.817405, 6.5692406
15:01:41,223,-2.783534,1.1234772, -3.0680676,-4.882226, -4.363283, 6.7631707
15:01:41,224,-2.4489071,1.0947559, 2.8239532,-4.882226, -4.363283, 6.7631707
15:01:41,225,-2.4489071,1.0947559, 2.8239532,-5.3897967, -2.4335563, 7.4910083
15:01:41,226,-2.203468,1.0504352, 2.526201,-5.3897967, -2.4335563, 7.4910083
15:01:42,227,-2.203468,1.0504352, 2.526201,-5.3969793, -2.7256489, 7.7831006
15:01:42,228,-2.147088,1.0287715, 2.4388242,-5.3969793, -2.7256489, 7.7831006
15:01:42,229,-2.147088,1.0287715, 2.4388242,-5.4113445, -3.3529298, 8.336162
15:01:42,230,-2.0821426,1.007863, 2.345881,-5.4113445, -3.3529298, 8.336162
15:01:42,231,-2.0821426,1.007863, 2.345881,-6.4288807, -2.5317187, 8.4726305
15:01:42,232,-2.0950766,1.0008194, 2.3819783,-6.4288807, -2.5317187, 8.4726305
15:01:42,233,-2.0950766,1.0008194, 2.3819783,-6.73055, -3.2739213, 7.3593273
15:01:42,234,-2.2249599,1.0242082, 2.5842075,-6.73055, -3.2739213, 7.3593273
15:01:42,235,-2.2249599,1.0242082, 2.5842075,-5.0857334, -3.7192428, 8.003367
15:01:42,236,-2.297401,1.0503857, 2.6948678,-5.0857334, -3.7192428, 8.003367
15:01:42,237,-2.297401,1.0503857, 2.6948678,-0.18001404, -4.198083, 8.106318
15:01:42,238,-2.551365,1.0810419, 3.0005183,-0.18001404, -4.198083, 8.106318
15:01:42,239,-2.551365,1.0810419, 3.0005183,0.10010756, -5.5077114, 5.599589
15:01:42,240,-2.8199704,0.9879364, -2.9936357,0.10010756, -5.5077114, 5.599589
15:01:42,241,-2.8199704,0.9879364, -2.9936357,2.1902456, -2.9315503, 5.4655137
15:01:42,242,-2.939594,0.9791333, -2.8715396,2.1902456, -2.9315503, 5.4655137
15:01:42,243,-2.939594,0.9791333, -2.8715396,4.045752, -3.2380083, 7.2084923
15:01:42,244,-2.9998753,0.9432039, -2.8944337,4.045752, -3.2380083, 7.2084923
15:01:42,245,-2.9998753,0.9432039, -2.8944337,4.345027, -5.730372, 6.01618
15:01:42,246,-2.9861972,0.9199372, -3.0535994,4.345027, -5.730372, 6.01618
15:01:42,247,-2.9861972,0.9199372, -3.0535994,3.7536592, -5.2754736, 5.2859483
15:01:42,248,-2.9516747,0.867411, 3.1410234,3.7536592, -5.2754736, 5.2859483
15:01:42,249,-2.9516747,0.867411, 3.1410234,2.4057238, -9.50124, 8.915558
15:01:42,250,-2.9232414,0.85261893, 3.0564015,2.4057238, -9.50124, 8.915558
15:01:42,251,-2.9232414,0.85261893, 3.0564015,2.300379, -8.292168, 8.118289
15:01:42,252,-2.959487,0.82150507, 3.079581,2.300379, -8.292168, 8.118289
15:01:42,253,-2.959487,0.82150507, 3.079581,0.8399159, -6.3863835, 7.692121
15:01:42,254,-2.965909,0.82722557, 3.1034946,0.8399159, -6.3863835, 7.692121
15:01:42,255,-2.965909,0.82722557, 3.1034946,-0.67321956, -5.950639, 8.168568
15:01:43,256,-2.9534776,0.8472445, 3.1040132,-0.67321956, -5.950639, 8.168568
15:01:43,257,-2.9534776,0.8472445, 3.1040132,-0.98925424, -4.6769233, 7.584382
15:01:43,258,-2.931859,0.86041135, 3.103672,-0.98925424, -4.6769233, 7.584382
15:01:43,259,-2.931859,0.86041135, 3.103672,-0.03875614, -5.974581, 7.632266
15:01:43,260,-2.9120128,0.87452275, 3.1058745,-0.03875614, -5.974581, 7.632266
15:01:43,261,-2.9120128,0.87452275, 3.1058745,-0.42661682, -6.3504705, 7.4670663
15:01:43,262,-2.9123752,0.8795657, 3.1082785,-0.42661682, -6.3504705, 7.4670663
15:01:43,263,-2.9123752,0.8795657, 3.1082785,-0.49365446, -6.3504705, 7.1749735
15:01:43,264,-2.91937,0.87757397, 3.111885,-0.49365446, -6.3504705, 7.1749735
15:01:43,265,-2.91937,0.87757397, 3.111885,-0.37155017, -6.0104938, 7.3066545
15:01:43,266,-2.9304152,0.8750966, 3.1149647,-0.37155017, -6.0104938, 7.3066545
15:01:43,267,-2.9304152,0.8750966, 3.1149647,-0.029179333, -6.1134443, 7.2563763
15:01:43,268,-2.9317741,0.8661214, 3.111893,-0.029179333, -6.1134443, 7.2563763
15:01:43,269,-2.9317741,0.8661214, 3.111893,-0.25902268, -6.1278095, 7.414394
15:01:43,270,-2.9215906,0.8650922, 3.1032784,-0.25902268, -6.1278095, 7.414394
15:01:43,271,-2.9215906,0.8650922, 3.1032784,-0.55590373, -6.180482, 7.766341
15:01:43,272,-2.918553,0.86331, 3.1013455,-0.55590373, -6.180482, 7.766341
15:01:43,273,-2.918553,0.86331, 3.1013455,-0.2614169, -5.9219084, 7.438336
15:01:43,274,-2.9193165,0.8657151, 3.1007864,-0.2614169, -5.9219084, 7.438336
15:01:43,275,-2.9193165,0.8657151, 3.1007864,-0.20156185, -6.2570963, 7.4910083
15:01:43,276,-2.9204702,0.8666349, 3.0969803,-0.20156185, -6.2570963, 7.4910083
15:01:43,277,-2.9204702,0.8666349, 3.0969803,-0.09861118, -6.2570963, 7.4718547
15:01:43,278,-2.9191892,0.8685508, 3.0972044,-0.09861118, -6.2570963, 7.4718547
15:01:43,279,-2.9191892,0.8685508, 3.0972044,-0.4002806, -6.084714, 7.426365
15:01:43,280,-2.9193268,0.8706124, 3.0990024,-0.4002806, -6.084714, 7.426365
15:01:43,281,-2.9193268,0.8706124, 3.0990024,-0.31408933, -6.060772, 7.5029793
15:01:43,282,-2.929399,0.8724878, 3.109469,-0.31408933, -6.060772, 7.5029793
15:01:43,283,-2.929399,0.8724878, 3.109469,-0.20635025, -6.051195, 7.4718547
15:01:44,284,-2.944427,0.8740317, 3.1234362,-0.20635025, -6.051195, 7.4718547
15:01:44,285,-2.944427,0.8740317, 3.1234362,0.10250176, -6.0942907, 7.4335475
15:01:44,286,-2.9522734,0.87334365, 3.1337519,0.10250176, -6.0942907, 7.4335475
15:01:44,287,-2.9522734,0.87334365, 3.1337519,0.18629882, -6.0416183, 7.3832693
15:01:44,288,-2.951457,0.8749464, 3.138358,0.18629882, -6.0416183, 7.3832693
15:01:44,289,-2.951457,0.8749464, 3.138358,-0.010025719, -5.857265, 7.6609964
15:01:44,290,-2.9417467,0.8912961, 3.141564,-0.010025719, -5.857265, 7.6609964
15:01:44,291,-2.9417467,0.8912961, 3.141564,-0.45774144, -6.192453, 7.670573
15:01:44,292,-2.9356074,0.88806605, 3.1385348,-0.45774144, -6.192453, 7.670573
15:01:44,293,-2.9356074,0.88806605, 3.1385348,-0.07706337, -5.895572, 7.5077677
15:01:44,294,-2.934038,0.8841234, 3.1383448,-0.07706337, -5.895572, 7.5077677
15:01:44,295,-2.934038,0.8841234, 3.1383448,-0.05551555, -5.931485, 7.5891705
15:01:44,296,-2.9319797,0.88608676, 3.136346,-0.05551555, -5.931485, 7.5891705
15:01:44,297,-2.9319797,0.88608676, 3.136346,-0.07466917, -5.976975, 7.68015
15:01:44,298,-2.931796,0.88530654, 3.1323812,-0.07466917, -5.976975, 7.68015
15:01:44,299,-2.931796,0.88530654, 3.1323812,-0.09382278, -6.0296474, 7.6250834
15:01:44,300,-2.9355268,0.88689643, 3.1318214,-0.09382278, -6.0296474, 7.6250834
15:01:44,301,-2.9355268,0.88689643, 3.1318214,-0.09142858, -6.000917, 7.4311533
15:01:44,302,-2.9386284,0.88593054, 3.131573,-0.09142858, -6.000917, 7.4311533
15:01:44,303,-2.9386284,0.88593054, 3.131573,-0.05551555, -5.9961286, 7.4335475
15:01:44,304,-2.9377415,0.8854009, 3.1296954,-0.05551555, -5.9961286, 7.4335475
15:01:44,305,-2.9377415,0.8854009, 3.1296954,-0.07706337, -6.0583777, 7.5029793
15:01:44,306,-2.933984,0.8849988, 3.1257217,-0.07706337, -6.0583777, 7.5029793
15:01:44,307,-2.933984,0.8849988, 3.1257217,-0.07706337, -5.9937344, 7.56044
15:01:44,308,-2.9355981,0.8845697, 3.1272545,-0.07706337, -5.9937344, 7.56044
15:01:44,309,-2.9355981,0.8845697, 3.1272545,-0.036361936, -6.1134443, 7.6035357
15:01:44,310,-2.938754,0.88360703, 3.1294994,-0.036361936, -6.1134443, 7.6035357
15:01:44,311,-2.938754,0.88360703, 3.1294994,-0.16086042, -6.2259717, 7.584382
15:01:44,312,-2.942727,0.88064474, 3.1307704,-0.16086042, -6.2259717, 7.584382
15:01:45,313,-2.942727,0.88064474, 3.1307704,-0.14649522, -6.3169518, 7.344962
15:01:45,314,-2.9436784,0.8777039, 3.1313992,-0.14649522, -6.3169518, 7.344962
15:01:45,315,-2.9436784,0.8777039, 3.1313992,-0.120159, -6.2810383, 7.5173445
15:01:45,316,-2.956242,0.85007906, 3.1392922,-0.120159, -6.2810383, 7.5173445
15:01:45,317,-2.956242,0.85007906, 3.1392922,-0.012419921, -6.218789, 7.558046
15:01:45,318,-2.957768,0.85166365, 3.1371956,-0.012419921, -6.218789, 7.558046
15:01:45,319,-2.957768,0.85166365, 3.1371956,0.104895964, -6.453421, 7.5173445
15:01:45,320,-2.9624448,0.84974015, 3.140298,0.104895964, -6.453421, 7.5173445
15:01:45,321,-2.9624448,0.84974015, 3.140298,-0.021996727, -6.0703487, 7.2324343
15:01:45,322,-2.9650877,0.8572376, -3.1364713,-0.021996727, -6.0703487, 7.2324343
15:01:45,323,-2.9650877,0.8572376, -3.1364713,0.06419453, -6.1780877, 7.146243
15:01:45,324,-2.9682848,0.85635006, -3.135698,0.06419453, -6.1780877, 7.146243
15:01:45,325,-2.9682848,0.85635006, -3.135698,-0.012419921, -6.415114, 7.4096055
15:01:45,326,-2.968211,0.8547559, -3.1374514,-0.012419921, -6.415114, 7.4096055
15:01:45,327,-2.968211,0.8547559, -3.1374514,-0.09142858, -6.393566, 7.368904
15:01:45,328,-2.9643404,0.8552211, -3.1404216,-0.09142858, -6.393566, 7.368904
15:01:45,329,-2.9643404,0.8552211, -3.1404216,-0.07706337, -6.2235775, 7.462278
15:01:45,330,-2.9619756,0.857331, -3.1395214,-0.07706337, -6.2235775, 7.462278
15:01:45,331,-2.9619756,0.857331, -3.1395214,0.1455974, -6.343288, 7.2348285
15:01:45,332,-2.961288,0.85597533, -3.1402621,0.1455974, -6.343288, 7.2348285
15:01:45,333,-2.961288,0.85597533, -3.1402621,-0.04833295, -6.3744125, 7.464672
15:01:45,334,-2.9591782,0.8545298, 3.1400466,-0.04833295, -6.3744125, 7.464672
15:01:45,335,-2.9591782,0.8545298, 3.1400466,0.040252518, -6.2259717, 7.416788
15:01:45,336,-2.9562728,0.8555786, 3.1383152,0.040252518, -6.2259717, 7.416788
15:01:45,337,-2.9562728,0.8555786, 3.1383152,0.018704701, -6.192453, 7.3760867
15:01:45,338,-2.9542887,0.8563583, 3.137384,0.018704701, -6.192453, 7.3760867
15:01:45,339,-2.9542887,0.8563583, 3.137384,0.13123219, -6.2882214, 7.4000287
15:01:45,340,-2.9556665,0.8559323, 3.138744,0.13123219, -6.2882214, 7.4000287
15:01:45,341,-2.9556665,0.8559323, 3.138744,0.037858315, -6.2379427, 7.5795937
15:01:46,342,-2.9548392,0.8563306, 3.1397333,0.037858315, -6.2379427, 7.5795937
15:01:46,343,-2.9548392,0.8563306, 3.1397333,-0.07466917, -6.0080996, 7.3210196
15:01:46,344,-2.9509048,0.8602684, 3.1412542,-0.07466917, -6.0080996, 7.3210196
15:01:46,345,-2.9509048,0.8602684, 3.1412542,-0.07706337, -6.1397805, 7.3712983
15:01:46,346,-2.9467113,0.8627184, 3.140833,-0.07706337, -6.1397805, 7.3712983
15:01:46,347,-2.9467113,0.8627184, 3.140833,-0.062698156, -6.1876645, 7.4191823
15:01:46,348,-2.9450326,0.86459005, 3.1409492,-0.062698156, -6.1876645, 7.4191823
15:01:46,349,-2.9450326,0.86459005, 3.1409492,-0.09142858, -6.32174, 7.2922893
15:01:46,350,-2.9458055,0.8625825, -3.1415875,-0.09142858, -6.32174, 7.2922893
15:01:46,351,-2.9458055,0.8625825, -3.1415875,-0.18240824, -6.1541457, 7.3353853
15:01:46,352,-2.9453032,0.8604332, 3.1405532,-0.18240824, -6.1541457, 7.3353853
15:01:46,353,-2.9453032,0.8604332, 3.1405532,-0.18240824, -6.23076, 7.4359417
15:01:46,354,-2.9435906,0.8587487, 3.1383145,-0.18240824, -6.23076, 7.4359417
15:01:46,355,-2.9435906,0.8587487, 3.1383145,-0.112976395, -6.2331543, 7.3976345
15:01:46,356,-2.9411077,0.85806847, 3.1366735,-0.112976395, -6.2331543, 7.3976345
15:01:46,357,-2.9411077,0.85806847, 3.1366735,0.009127894, -6.108656, 7.3856635
15:01:46,358,-2.9404433,0.8582651, 3.1364918,0.009127894, -6.108656, 7.3856635
15:01:46,359,-2.9404433,0.8582651, 3.1364918,-0.029179333, -6.206818, 7.500585
15:01:46,360,-2.9377506,0.8582489, 3.1337345,-0.029179333, -6.206818, 7.500585
15:01:46,361,-2.9377506,0.8582489, 3.1337345,-0.09382278, -6.2331543, 7.522133
15:01:46,362,-2.9341264,0.8588395, 3.1300554,-0.09382278, -6.2331543, 7.522133
15:01:46,363,-2.9341264,0.8588395, 3.1300554,-0.1297358, -6.331317, 7.48622
15:01:46,364,-2.9317076,0.8617262, 3.12861,-0.1297358, -6.331317, 7.48622
15:01:46,365,-2.9317076,0.8617262, 3.12861,-0.15607202, -6.266673, 7.4670663
15:01:46,366,-2.931656,0.8617872, 3.1285548,-0.15607202, -6.266673, 7.4670663
15:01:46,367,-2.931656,0.8617872, 3.1285548,-0.15607202, -6.2618847, 7.416788
15:01:46,368,-2.933525,0.86177313, 3.1287243,-0.15607202, -6.2618847, 7.416788
15:01:46,369,-2.933525,0.86177313, 3.1287243,-0.09861118, -6.3480763, 7.392846
15:01:47,370,-2.9352512,0.86003643, 3.1293705,-0.09861118, -6.3480763, 7.392846
15:01:47,371,-2.9352512,0.86003643, 3.1293705,0.009127894, -6.228366, 7.3856635
15:01:47,372,-2.9383354,0.85790306, 3.1335123,0.009127894, -6.228366, 7.3856635
15:01:47,373,-2.9383354,0.85790306, 3.1335123,0.21024084, -6.319346, 7.474249
15:01:47,374,-2.9383376,0.85727245, 3.1357985,0.21024084, -6.319346, 7.474249
15:01:47,375,-2.9383376,0.85727245, 3.1357985,-0.07466917, -6.2259717, 7.4359417
15:01:47,376,-2.9376125,0.8573749, 3.140009,-0.07466917, -6.2259717, 7.4359417
15:01:47,377,-2.9376125,0.8573749, 3.140009,-0.18480244, -6.2930098, 7.524527
15:01:47,378,-2.9377408,0.8581234, -3.1391149,-0.18480244, -6.2930098, 7.524527
15:01:47,379,-2.9377408,0.8581234, -3.1391149,-0.065092355, -6.1062617, 7.378481
15:01:47,380,-2.9378173,0.8600091, -3.1360025,-0.065092355, -6.1062617, 7.378481
15:01:47,381,-2.9378173,0.8600091, -3.1360025,-0.08903438, -6.180482, 7.404817
15:01:47,382,-2.9377348,0.86009985, -3.1361208,-0.08903438, -6.180482, 7.404817
15:01:47,383,-2.9377348,0.86009985, -3.1361208,-0.010025719, -6.096685, 7.3521447
15:01:47,384,-2.9388394,0.8616996, -3.137302,-0.010025719, -6.096685, 7.3521447
15:01:47,385,-2.9388394,0.8616996, -3.137302,0.011522096, -6.333711, 7.462278
15:01:47,386,-2.942286,0.86129975, -3.1373749,0.011522096, -6.333711, 7.462278
15:01:47,387,-2.942286,0.86129975, -3.1373749,0.054617725, -6.3361053, 7.330597
15:01:47,388,-2.9436448,0.86035234, -3.1368964,0.054617725, -6.3361053, 7.330597
15:01:47,389,-2.9436448,0.86035234, -3.1368964,0.009127894, -6.2570963, 7.48622
15:01:47,390,-2.9436831,0.86036795, -3.1364985,0.009127894, -6.2570963, 7.48622
15:01:47,391,-2.9436831,0.86036795, -3.1364985,0.09531915, -6.1996355, 7.464672
15:01:47,392,-2.941993,0.86124676, -3.1358318,0.09531915, -6.1996355, 7.464672
15:01:47,393,-2.941993,0.86124676, -3.1358318,-0.041150343, -6.2020297, 7.4239707
15:01:47,394,-2.9398315,0.86198413, -3.13678,-0.041150343, -6.2020297, 7.4239707
15:01:47,395,-2.9398315,0.86198413, -3.13678,-0.012419921, -6.1421747, 7.3593273
15:01:47,396,-2.9390883,0.86187774, -3.1380408,-0.012419921, -6.1421747, 7.3593273
15:01:47,397,-2.9390883,0.86187774, -3.1380408,-0.060303956, -6.204424, 7.5077677
15:01:47,398,-2.938484,0.8614761, -3.1394477,-0.060303956, -6.204424, 7.5077677
15:01:48,399,-2.938484,0.8614761, -3.1394477,-0.014814123, -6.206818, 7.4431243
15:01:48,400,-2.937822,0.86131, -3.1405952,-0.014814123, -6.206818, 7.4431243
15:01:48,401,-2.937822,0.86131, -3.1405952,-0.043544542, -6.170905, 7.4718547
15:01:48,402,-2.9378793,0.86145544, -3.141134,-0.043544542, -6.170905, 7.4718547
15:01:48,403,-2.9378793,0.86145544, -3.141134,-0.096216984, -6.1972413, 7.4000287
15:01:48,404,-2.9401758,0.8607506, -3.1412952,-0.096216984, -6.1972413, 7.4000287
15:01:48,405,-2.9401758,0.8607506, -3.1412952,0.0163105, -6.2331543, 7.4311533
15:01:48,406,-2.9398923,0.8613748, 3.1405022,0.0163105, -6.2331543, 7.4311533
15:01:48,407,-2.9398923,0.8613748, 3.1405022,0.049829323, -6.3384995, 7.416788
15:01:48,408,-2.932629,0.8625377, 3.1323128,0.049829323, -6.3384995, 7.416788
15:01:48,409,-2.932629,0.8625377, 3.1323128,-0.11776479, -6.3169518, 7.6993036
15:01:48,410,-2.9187384,0.8748426, 3.124562,-0.11776479, -6.3169518, 7.6993036
15:01:48,411,-2.9187384,0.8748426, 3.124562,0.013916298, -5.857265, 7.620295
15:01:48,412,-2.9186819,0.8849712, 3.1292465,0.013916298, -5.857265, 7.620295
15:01:48,413,-2.9186819,0.8849712, 3.1292465,-0.15367782, -5.8644476, 7.665785
15:01:48,414,-2.920291,0.88908494, 3.1308634,-0.15367782, -5.8644476, 7.665785
15:01:48,415,-2.920291,0.88908494, 3.1308634,-0.19198506, -5.931485, 7.404817
15:01:48,416,-2.9237351,0.8928594, 3.1320848,-0.19198506, -5.931485, 7.404817
15:01:48,417,-2.9237351,0.8928594, 3.1320848,-0.23508067, -6.15654, 7.572411
15:01:48,418,-2.9198813,0.8973865, 3.1256275,-0.23508067, -6.15654, 7.572411
15:01:48,419,-2.9198813,0.8973865, 3.1256275,-0.24226329, -5.8261404, 7.512556
15:01:48,420,-2.9211438,0.9017752, 3.1226704,-0.24226329, -5.8261404, 7.512556
15:01:48,421,-2.9211438,0.9017752, 3.1226704,-0.20635025, -5.8883896, 7.548469
15:01:48,422,-2.925209,0.90134704, 3.122402,-0.20635025, -5.8883896, 7.548469
15:01:48,423,-2.925209,0.90134704, 3.122402,-0.07706337, -6.0080996, 7.5771995
15:01:48,424,-2.931576,0.89770424, 3.1200588,-0.07706337, -6.0080996, 7.5771995
15:01:48,425,-2.931576,0.89770424, 3.1200588,-0.120159, -5.931485, 7.629872
15:01:48,426,-2.932008,0.89668655, 3.1178277,-0.120159, -5.931485, 7.629872
15:01:49,427,-2.932008,0.89668655, 3.1178277,-0.04833295, -5.895572, 7.730428
15:01:49,428,-2.9301176,0.89802957, 3.1199198,-0.04833295, -5.895572, 7.730428
15:01:49,429,-2.9301176,0.89802957, 3.1199198,0.47599724, -5.965004, 7.9195704
15:01:49,430,-2.9281826,0.89770645, 3.1227071,0.47599724, -5.965004, 7.9195704
15:01:49,431,-2.9281826,0.89770645, 3.1227071,0.2653075, -5.823746, 7.8740807
15:01:49,432,-2.9132292,0.89909333, 3.1211543,0.2653075, -5.823746, 7.8740807
15:01:49,433,-2.9132292,0.89909333, 3.1211543,-0.09861118, -5.967398, 7.5771995
15:01:49,434,-2.8944235,0.90310335, 3.119166,-0.09861118, -5.967398, 7.5771995
15:01:49,435,-2.8944235,0.90310335, 3.119166,0.054617725, -5.694459, 8.029703
15:01:49,436,-2.8972924,0.9106876, 3.1298249,0.054617725, -5.694459, 8.029703
15:01:49,437,-2.8972924,0.9106876, 3.1298249,0.19826983, -5.955427, 7.809437
15:01:49,438,-2.9092224,0.91151077, -3.1369188,0.19826983, -5.955427, 7.809437
15:01:49,439,-2.9092224,0.91151077, -3.1369188,1.1655273, -5.8405056, 7.802254
15:01:49,440,-2.942971,0.9232539, -3.0799613,1.1655273, -5.8405056, 7.802254
15:01:49,441,-2.942971,0.9232539, -3.0799613,3.9116766, -5.8500824, 8.118289
15:01:49,442,-3.017759,0.93723476, -2.9519136,3.9116766, -5.8500824, 8.118289
15:01:49,443,-3.017759,0.93723476, -2.9519136,5.2021513, -5.038448, 7.8477445
15:01:49,444,-3.1025326,0.96620196, -2.7918174,5.2021513, -5.038448, 7.8477445
15:01:49,445,-3.1025326,0.96620196, -2.7918174,4.4407954, -4.8564887, 7.9698486
15:01:49,446,-3.1045897,0.9936097, -2.7372005,4.4407954, -4.8564887, 7.9698486
15:01:49,447,-3.1045897,0.9936097, -2.7372005,1.5845126, -5.3640594, 8.649802
15:01:49,448,-3.088288,0.99970555, -2.7387366,1.5845126, -5.3640594, 8.649802
15:01:49,449,-3.088288,0.99970555, -2.7387366,0.8662521, -3.247585, 6.600365
15:01:49,450,-3.0484705,1.0604311, -2.7828002,0.8662521, -3.247585, 6.600365
15:01:49,451,-3.0484705,1.0604311, -2.7828002,-2.1193175, -3.5851674, 7.438336
15:01:49,452,-2.7814386,1.1188958, -3.1062493,-2.1193175, -3.5851674, 7.438336
15:01:49,453,-2.7814386,1.1188958, -3.1062493,-3.6827312, -4.2914567, 8.558823
15:01:49,454,-2.3196268,1.1347736, 2.6334903,-3.6827312, -4.2914567, 8.558823
15:01:49,455,-2.3196268,1.1347736, 2.6334903,-7.7456913, -2.7567737, 8.678533
15:01:50,456,-2.2336724,1.0930622, 2.5037985,-7.7456913, -2.7567737, 8.678533
15:01:50,457,-2.2336724,1.0930622, 2.5037985,-5.7656865, -4.384831, 7.960272
15:01:50,458,-2.2182858,1.0382142, 2.450803,-5.7656865, -4.384831, 7.960272
15:01:50,459,-2.2182858,1.0382142, 2.450803,-6.1296053, -3.5037646, 7.488614
15:01:50,460,-2.2424045,1.0524621, 2.5189116,-6.1296053, -3.5037646, 7.488614
15:01:50,461,-2.2424045,1.0524621, 2.5189116,-5.8734255, -3.2739213, 8.70008
15:01:50,462,-2.334598,1.0803233, 2.660127,-5.8734255, -3.2739213, 8.70008
15:01:50,463,-2.334598,1.0803233, 2.660127,-5.4544406, -4.210054, 8.647408
15:01:50,464,-2.4105387,1.0878702, 2.7653234,-5.4544406, -4.210054, 8.647408
15:01:50,465,-2.4105387,1.0878702, 2.7653234,-3.7114615, -5.234772, 9.818172
15:01:50,466,-2.5549736,1.0888147, 2.9636135,-3.7114615, -5.234772, 9.818172
15:01:50,467,-2.5549736,1.0888147, 2.9636135,1.2038345, -4.375254, 6.265177
15:01:50,468,-2.736706,1.063242, -3.1052737,1.2038345, -4.375254, 6.265177
15:01:50,469,-2.736706,1.063242, -3.1052737,2.8031614, -2.5556607, 5.819855
15:01:50,470,-2.7280064,1.0136164, -3.1347458,2.8031614, -2.5556607, 5.819855
15:01:50,471,-2.7280064,1.0136164, -3.1347458,3.5070565, -3.937115, 6.753594
15:01:50,472,-2.676018,0.97579503, 3.0606928,3.5070565, -3.937115, 6.753594
15:01:50,473,-2.676018,0.97579503, 3.0606928,2.218976, -7.751078, 9.523685
15:01:50,474,-2.621792,0.8842697, 2.8644803,2.218976, -7.751078, 9.523685
15:01:50,475,-2.621792,0.8842697, 2.8644803,5.2141223, -8.088661, 10.998513
15:01:50,476,-2.800545,0.82386494, 2.8754585,5.2141223, -8.088661, 10.998513
15:01:50,477,-2.800545,0.82386494, 2.8754585,4.0720882, -6.000917, 10.399963
15:01:50,478,-2.8534565,0.8070949, 2.926086,4.0720882, -6.000917, 10.399963
15:01:50,479,-2.8534565,0.8070949, 2.926086,-0.21113867, -8.15091, 9.468618
15:01:50,480,-2.8336034,0.8348362, 2.9236777,-0.21113867, -8.15091, 9.468618
15:01:50,481,-2.8336034,0.8348362, 2.9236777,-2.435352, -6.6018615, 6.657826
15:01:50,482,-2.8119226,0.87458444, 2.9384918,-2.435352, -6.6018615, 6.657826
15:01:50,483,-2.8119226,0.87458444, 2.9384918,-1.5806221, -5.9721866, 6.9116116
15:01:51,484,-2.8080575,0.89127636, 2.9538758,-1.5806221, -5.9721866, 6.9116116
15:01:51,485,-2.8080575,0.89127636, 2.9538758,-1.6117467, -5.8141694, 7.1630025
15:01:51,486,-2.8018763,0.8921943, 2.9559462,-1.6117467, -5.8141694, 7.1630025
15:01:51,487,-2.8018763,0.8921943, 2.9559462,-1.1544541, -5.9243026, 7.3210196
15:01:51,488,-2.796367,0.8943213, 2.9556372,-1.1544541, -5.9243026, 7.3210196
15:01:51,489,-2.796367,0.8943213, 2.9556372,-0.79053545, -5.608268, 7.548469
15:01:51,490,-2.7857497,0.8940748, 2.957102,-0.79053545, -5.608268, 7.548469
15:01:51,491,-2.7857497,0.8940748, 2.957102,-0.91263974, -5.742343, 7.7232456
15:01:51,492,-2.777101,0.8893783, 2.955293,-0.91263974, -5.742343, 7.7232456
15:01:51,493,-2.777101,0.8893783, 2.955293,-1.1233295, -6.1158385, 7.802254
15:01:51,494,-2.7794535,0.8839605, 2.964749,-1.1233295, -6.1158385, 7.802254
15:01:51,495,-2.7794535,0.8839605, 2.964749,-0.91742814, -5.941062, 7.6514196
15:01:51,496,-2.781539,0.8833442, 2.9711199,-0.91742814, -5.941062, 7.6514196
15:01:51,497,-2.781539,0.8833442, 2.9711199,-0.8551789, -6.0464067, 7.570017
15:01:51,498,-2.800126,0.8745191, 2.9990466,-0.8551789, -6.0464067, 7.570017
15:01:51,499,-2.800126,0.8745191, 2.9990466,-1.0993875, -5.854871, 7.785495
15:01:51,500,-2.8135414,0.87295294, 3.0172505,-1.0993875, -5.854871, 7.785495
15:01:51,501,-2.8135414,0.87295294, 3.0172505,-0.9413702, -5.708824, 7.2252517
15:01:51,502,-2.8260467,0.8719695, 3.0261047,-0.9413702, -5.708824, 7.2252517
15:01:51,503,-2.8260467,0.8719695, 3.0261047,-0.76898766, -5.7614965, 7.0408983
15:01:51,504,-2.8245625,0.86949223, 3.0199745,-0.76898766, -5.7614965, 7.0408983
15:01:51,505,-2.8245625,0.86949223, 3.0199745,-1.27177, -6.3720183, 7.194127
15:01:51,506,-2.825705,0.8530182, 3.003876,-1.27177, -6.3720183, 7.194127
15:01:51,507,-2.825705,0.8530182, 3.003876,-0.6397008, -6.427085, 7.1246953
15:01:51,508,-2.8377984,0.83375216, 2.9982722,-0.6397008, -6.427085, 7.1246953
15:01:51,509,-2.8377984,0.83375216, 2.9982722,-0.45774144, -6.072743, 6.904429
15:01:51,510,-2.8349807,0.82186717, 2.9925683,-0.45774144, -6.072743, 6.904429
15:01:51,511,-2.8349807,0.82186717, 2.9925683,-0.5439327, -6.5036993, 7.2013097
15:01:51,512,-2.8263834,0.8176851, 2.9909189,-0.5439327, -6.5036993, 7.2013097
15:01:52,513,-2.8263834,0.8176851, 2.9909189,-0.5247791, -6.4079313, 7.014562
15:01:52,514,-2.8164701,0.8161176, 3.000664,-0.5247791, -6.4079313, 7.014562
15:01:52,515,-2.8164701,0.8161176, 3.000664,-0.6133646, -6.403143, 7.0528693
15:01:52,516,-2.8047614,0.8075577, 3.0020208,-0.6133646, -6.403143, 7.0528693
15:01:52,517,-2.8047614,0.8075577, 3.0020208,-0.86714995, -6.8149457, 7.402423
15:01:52,518,-2.7902617,0.80578053, 2.9999917,-0.86714995, -6.8149457, 7.402423
15:01:52,519,-2.7902617,0.80578053, 2.9999917,-1.058686, -6.537218, 7.277924
15:01:52,520,-2.7873254,0.8058765, 3.0032053,-1.058686, -6.537218, 7.277924
15:01:52,521,-2.7873254,0.8058765, 3.0032053,-1.0538976, -6.3983545, 7.1151185
15:01:52,522,-2.7832494,0.8092402, 3.0049994,-1.0538976, -6.3983545, 7.1151185
15:01:52,523,-2.7832494,0.8092402, 3.0049994,-0.89109194, -6.6856585, 7.2108865
15:01:52,524,-2.782764,0.8108245, 3.003719,-0.89109194, -6.6856585, 7.2108865
15:01:52,525,-2.782764,0.8108245, 3.003719,-1.0155904, -6.4582095, 7.0935707
15:01:52,526,-2.7816327,0.8116744, 2.99921,-1.0155904, -6.4582095, 7.0935707
15:01:52,527,-2.7816327,0.8116744, 2.99921,-1.0275614, -6.525247, 7.119907
15:01:52,528,-2.7815144,0.81227535, 2.9975793,-1.0275614, -6.525247, 7.119907
15:01:52,529,-2.7815144,0.81227535, 2.9975793,-0.91263974, -6.6138325, 7.1366663
15:01:52,530,-2.7794278,0.8107722, 2.9956217,-0.91263974, -6.6138325, 7.1366663
15:01:52,531,-2.7794278,0.8107722, 2.9956217,-1.1640309, -6.405537, 7.194127
15:01:52,532,-2.7772808,0.8147921, 2.9930038,-1.1640309, -6.405537, 7.194127
15:01:52,533,-2.7772808,0.8147921, 2.9930038,-0.9413702, -6.254702, 7.131878
15:01:52,534,-2.7836432,0.817202, 2.9919026,-0.9413702, -6.254702, 7.131878
15:01:52,535,-2.7836432,0.817202, 2.9919026,-0.88390934, -6.4797573, 7.203704
15:01:52,536,-2.788659,0.8188491, 2.9920707,-0.88390934, -6.4797573, 7.203704
15:01:52,537,-2.788659,0.8188491, 2.9920707,-0.87193835, -6.6281977, 7.03611
15:01:52,538,-2.7967107,0.8189037, 2.9940174,-0.87193835, -6.6281977, 7.03611
15:01:52,539,-2.7967107,0.8189037, 2.9940174,-1.022773, -6.5204587, 7.048081
15:01:52,540,-2.7942817,0.82340306, 2.9933908,-1.022773, -6.5204587, 7.048081
15:01:52,541,-2.7942817,0.82340306, 2.9933908,-1.0371382, -6.4941225, 7.1007533
15:01:53,542,-2.7899983,0.82437235, 2.9891007,-1.0371382, -6.4941225, 7.1007533
15:01:53,543,-2.7899983,0.82437235, 2.9891007,-0.927005, -6.319346, 7.131878
15:01:53,544,-2.7897406,0.8201961, 2.9889083,-0.927005, -6.319346, 7.131878
15:01:53,545,-2.7897406,0.8201961, 2.9889083,-1.1281179, -6.3289227, 7.2252517
15:01:53,546,-2.782833,0.8208486, 2.984021,-1.1281179, -6.3289227, 7.2252517
15:01:53,547,-2.782833,0.8208486, 2.984021,-1.0419266, -6.254702, 7.2204633
15:01:53,548,-2.7805278,0.82131124, 2.9797182,-1.0419266, -6.254702, 7.2204633
15:01:53,549,-2.7805278,0.82131124, 2.9797182,-1.0945991, -6.3265285, 7.332991
15:01:53,550,-2.7771127,0.82630503, 2.9735389,-1.0945991, -6.3265285, 7.332991
15:01:53,551,-2.7771127,0.82630503, 2.9735389,-1.0754455, -6.3768067, 7.3162313
15:01:53,552,-2.7781336,0.8272646, 2.9732404,-1.0754455, -6.3768067, 7.3162313
15:01:53,553,-2.7781336,0.8272646, 2.9732404,-1.2023382, -6.510882, 7.3353853
15:01:53,554,-2.7804759,0.830884, 2.9746542,-1.2023382, -6.510882, 7.3353853
15:01:53,555,-2.7804759,0.830884, 2.9746542,-1.1472715, -6.4725747, 7.060052
15:01:53,556,-2.779747,0.8348993, 2.9774897,-1.1472715, -6.4725747, 7.060052
15:01:53,557,-2.779747,0.8348993, 2.9774897,-0.9772832, -6.204424, 7.287501
15:01:53,558,-2.7798479,0.84478575, 2.9827583,-0.9772832, -6.204424, 7.287501
15:01:53,559,-2.7798479,0.84478575, 2.9827583,-0.99643683, -6.0440125, 7.265953
15:01:53,560,-2.7860107,0.8478053, 2.987231,-0.99643683, -6.0440125, 7.265953
15:01:53,561,-2.7860107,0.8478053, 2.987231,-0.8264485, -6.2882214, 7.2324343
15:01:53,562,-2.8000948,0.8447797, 2.9919868,-0.8264485, -6.2882214, 7.2324343
15:01:53,563,-2.8000948,0.8447797, 2.9919868,-1.3172598, -6.36723, 7.512556
15:01:53,564,-2.7998836,0.84908456, 2.9907658,-1.3172598, -6.36723, 7.512556
15:01:53,565,-2.7998836,0.84908456, 2.9907658,-1.1903671, -6.180482, 7.3258085
15:01:53,566,-2.8033235,0.8543339, 2.994211,-1.1903671, -6.180482, 7.3258085
15:01:53,567,-2.8033235,0.8543339, 2.994211,-1.0969933, -5.9362736, 7.277924
15:01:53,568,-2.8078268,0.85577345, 2.9947712,-1.0969933, -5.9362736, 7.277924
15:01:53,569,-2.8078268,0.85577345, 2.9947712,-0.9605238, -6.1014733, 7.404817
15:01:54,570,-2.8181405,0.8548796, 2.993826,-0.9605238, -6.1014733, 7.404817
15:01:54,571,-2.8181405,0.8548796, 2.993826,-0.6971616, -6.206818, 6.8302083
15:01:54,572,-2.828714,0.84673345, 2.9937308,-0.6971616, -6.206818, 6.8302083
15:01:54,573,-2.828714,0.84673345, 2.9937308,-0.88151515, -6.4941225, 6.890064
15:01:54,574,-2.8264632,0.8379427, 2.9849033,-0.88151515, -6.4941225, 6.890064
15:01:54,575,-2.8264632,0.8379427, 2.9849033,-0.9341876, -6.3983545, 7.4072113
15:01:54,576,-2.8232481,0.8342563, 2.9821308,-0.9341876, -6.3983545, 7.4072113
15:01:54,577,-2.8232481,0.8342563, 2.9821308,-0.8312369, -6.3241343, 7.6011415
15:01:54,578,-2.8171368,0.8305771, 2.9817798,-0.8312369, -6.3241343, 7.6011415
15:01:54,579,-2.8171368,0.8305771, 2.9817798,-1.046715, -6.2810383, 7.4431243
15:01:54,580,-2.8139205,0.8329894, 2.9855475,-1.046715, -6.2810383, 7.4431243
15:01:54,581,-2.8139205,0.8329894, 2.9855475,-1.1712135, -6.319346, 7.380875
15:01:54,582,-2.816933,0.83482224, 2.9905329,-1.1712135, -6.319346, 7.380875
15:01:54,583,-2.816933,0.83482224, 2.9905329,-1.2047324, -6.228366, 7.23004
15:01:54,584,-2.817998,0.8363649, 2.9908571,-1.2047324, -6.228366, 7.23004
15:01:54,585,-2.817998,0.8363649, 2.9908571,-1.1640309, -6.1972413, 7.1366663
15:01:54,586,-2.8225334,0.8386529, 2.991807,-1.1640309, -6.1972413, 7.1366663
15:01:54,587,-2.8225334,0.8386529, 2.991807,-1.058686, -6.343288, 7.1630025
15:01:54,588,-2.8265195,0.84020895, 2.990889,-1.058686, -6.343288, 7.1630025
15:01:54,589,-2.8265195,0.84020895, 2.990889,-0.8575731, -6.1732993, 7.2324343
15:01:54,590,-2.8295412,0.8389637, 2.9896898,-0.8575731, -6.1732993, 7.2324343
15:01:54,591,-2.8295412,0.8389637, 2.9896898,-0.88151515, -6.278644, 7.242011
15:01:54,592,-2.8307152,0.8373788, 2.989928,-0.88151515, -6.278644, 7.242011
15:01:54,593,-2.8307152,0.8373788, 2.989928,-0.98925424, -6.170905, 7.215675
15:01:54,594,-2.833088,0.8368625, 2.9918902,-0.98925424, -6.170905, 7.215675
15:01:54,595,-2.833088,0.8368625, 2.9918902,-0.9293992, -6.2714615, 7.2827125
15:01:54,596,-2.8347874,0.83666587, 2.9936273,-0.9293992, -6.2714615, 7.2827125
15:01:54,597,-2.8347874,0.83666587, 2.9936273,-1.0179846, -6.345682, 7.3162313
15:01:55,598,-2.8347614,0.8367614, 2.993596,-1.0179846, -6.345682, 7.3162313
15:01:55,599,-2.8347614,0.8367614, 2.993596,-0.9341876, -6.2930098, 7.2707415
15:01:55,600,-2.8347878,0.83696735, 2.9936202,-0.9341876, -6.2930098, 7.2707415
15:01:55,601,-2.8347878,0.83696735, 2.9936202,-0.9317934, -6.2594905, 7.3066545
15:01:55,602,-2.8338315,0.83917636, 2.992629,-0.9317934, -6.2594905, 7.3066545
15:01:55,603,-2.8338315,0.83917636, 2.992629,-1.0060136, -6.381595, 7.2707415
15:01:55,604,-2.8347783,0.83993065, 2.9914873,-1.0060136, -6.381595, 7.2707415
15:01:55,605,-2.8347783,0.83993065, 2.9914873,-0.962918, -6.2116065, 7.3066545
15:01:55,606,-2.8355958,0.8402955, 2.9906232,-0.962918, -6.2116065, 7.3066545
15:01:55,607,-2.8355958,0.8402955, 2.9906232,-1.0084078, -6.206818, 7.3712983
15:01:55,608,-2.8389046,0.8405243, 2.989895,-1.0084078, -6.206818, 7.3712983
15:01:55,609,-2.8389046,0.8405243, 2.989895,-1.0060136, -6.2355485, 7.253982
15:01:55,610,-2.841324,0.8411634, 2.98902,-1.0060136, -6.2355485, 7.253982
15:01:55,611,-2.841324,0.8411634, 2.98902,-0.9581296, -6.2331543, 7.251588
15:01:55,612,-2.8441432,0.84225076, 2.990202,-0.9581296, -6.2331543, 7.251588
15:01:55,613,-2.8441432,0.84225076, 2.990202,-1.0155904, -6.1876645, 7.206098
15:01:55,614,-2.845553,0.8422916, 2.991579,-1.0155904, -6.1876645, 7.206098
15:01:55,615,-2.845553,0.8422916, 2.991579,-0.91742814, -6.216395, 7.289895
15:01:55,616,-2.8449597,0.84527344, 2.9945354,-0.91742814, -6.216395, 7.289895
15:01:55,617,-2.8449597,0.84527344, 2.9945354,-0.9677064, -6.3241343, 7.5891705
15:01:55,618,-2.8437042,0.8512651, 2.9966428,-0.9677064, -6.3241343, 7.5891705
15:01:55,619,-2.8437042,0.8512651, 2.9966428,-1.0084078, -6.2690673, 7.4431243
15:01:55,620,-2.8513527,0.85675025, 3.0032177,-1.0084078, -6.2690673, 7.4431243
15:01:55,621,-2.8513527,0.85675025, 3.0032177,-0.86954415, -6.1661167, 7.3186255
15:01:55,622,-2.857791,0.85939574, 3.006525,-0.86954415, -6.1661167, 7.3186255
15:01:55,623,-2.857791,0.85939574, 3.006525,-0.8551789, -6.0296474, 7.11033
15:01:55,624,-2.8676164,0.8622414, 3.0142047,-0.8551789, -6.0296474, 7.11033
15:01:55,625,-2.8676164,0.8622414, 3.0142047,-0.86475575, -6.278644, 7.4072113
15:01:55,626,-2.8732312,0.86334896, 3.016787,-0.86475575, -6.278644, 7.4072113
15:01:56,627,-2.8732312,0.86334896, 3.016787,-0.8216601, -6.2140007, 7.5077677
15:01:56,628,-2.877448,0.8651516, 3.0209572,-0.8216601, -6.2140007, 7.5077677
15:01:56,629,-2.877448,0.8651516, 3.0209572,-0.689979, -6.0104938, 7.4191823
15:01:56,630,-2.8801827,0.8646931, 3.0234094,-0.689979, -6.0104938, 7.4191823
15:01:56,631,-2.8801827,0.8646931, 3.0234094,-0.6373066, -5.979369, 7.510162
15:01:56,632,-2.8849154,0.8660587, 3.0273242,-0.6373066, -5.979369, 7.510162
15:01:56,633,-2.8849154,0.8660587, 3.0273242,-0.6971616, -6.0703487, 7.36651
15:01:56,634,-2.8870296,0.86598015, 3.0283983,-0.6971616, -6.0703487, 7.36651
15:01:56,635,-2.8870296,0.86598015, 3.0283983,-0.78095865, -6.1900587, 7.3186255
15:01:56,636,-2.884023,0.86537385, 3.0240707,-0.78095865, -6.1900587, 7.3186255
15:01:56,637,-2.884023,0.86537385, 3.0240707,-0.8408137, -6.1780877, 7.48622
15:01:56,638,-2.8812387,0.8661817, 3.0213957,-0.8408137, -6.1780877, 7.48622
15:01:56,639,-2.8812387,0.8661817, 3.0213957,-1.0251672, -6.0416183, 7.510162
15:01:56,640,-2.8775225,0.8697991, 3.0164146,-1.0251672, -6.0416183, 7.510162
15:01:56,641,-2.8775225,0.8697991, 3.0164146,-0.6875848, -5.9243026, 7.2372227
15:01:56,642,-2.8794026,0.8696545, 3.0120764,-0.6875848, -5.9243026, 7.2372227
15:01:56,643,-2.8794026,0.8696545, 3.0120764,-0.65167177, -6.120627, 7.380875
15:01:56,644,-2.8779356,0.87045735, 3.0073009,-0.65167177, -6.120627, 7.380875
15:01:56,645,-2.8779356,0.87045735, 3.0073009,-0.5511153, -6.063166, 7.536498
15:01:56,646,-2.8752189,0.87305266, 3.0061195,-0.5511153, -6.063166, 7.536498
15:01:56,647,-2.8752189,0.87305266, 3.0061195,-0.87433255, -5.8524766, 7.617901
15:01:56,648,-2.8644896,0.8844031, 2.9963887,-0.87433255, -5.8524766, 7.617901
15:01:56,649,-2.8644896,0.8844031, 2.9963887,-1.5135844, -5.692065, 7.3641157
15:01:56,650,-2.85806,0.88062936, 2.9769845,-1.5135844, -5.692065, 7.3641157
15:01:56,651,-2.85806,0.88062936, 2.9769845,-0.90785134, -5.967398, 7.3497505
15:01:56,652,-2.8502007,0.87772685, 2.9614856,-0.90785134, -5.967398, 7.3497505
15:01:56,653,-2.8502007,0.87772685, 2.9614856,-0.7211036, -6.206818, 7.6873326
15:01:56,654,-2.840099,0.8825637, 2.9529753,-0.7211036, -6.206818, 7.6873326
15:01:56,655,-2.840099,0.8825637, 2.9529753,-0.9222166, -6.0296474, 7.8740807
15:01:57,656,-2.8328125,0.889399, 2.9504476,-0.9222166, -6.0296474, 7.8740807
15:01:57,657,-2.8328125,0.889399, 2.9504476,-0.13452421, -6.012888, 7.5173445
15:01:57,658,-2.8529944,0.8867746, 2.980358,-0.13452421, -6.012888, 7.5173445
15:01:57,659,-2.8529944,0.8867746, 2.980358,0.32755673, -5.9099374, 7.938724
15:01:57,660,-2.864921,0.90250903, 3.0278528,0.32755673, -5.9099374, 7.938724
15:01:57,661,-2.864921,0.90250903, 3.0278528,0.2940379, -5.893178, 7.8716865
15:01:57,662,-2.869356,0.9152981, 3.0570054,0.2940379, -5.893178, 7.8716865
15:01:57,663,-2.869356,0.9152981, 3.0570054,1.2708722, -5.4478564, 7.5173445
15:01:57,664,-2.9009564,0.93426484, -3.1401706,1.2708722, -5.4478564, 7.5173445
15:01:57,665,-2.9009564,0.93426484, -3.1401706,3.6722565, -6.522853, 8.142231
15:01:57,666,-2.9691894,0.82320833, -3.0191727,3.6722565, -6.522853, 8.142231
15:01:57,667,-2.9691894,0.82320833, -3.0191727,5.671415, -8.955361, 8.281095
15:01:57,668,-2.9970605,0.7623797, -2.9272103,5.671415, -8.955361, 8.281095
15:01:57,669,-2.9970605,0.7623797, -2.9272103,2.5781064, -9.09662, 7.1773677
15:01:57,670,-3.0056887,0.7865738, -2.8871875,2.5781064, -9.09662, 7.1773677
15:01:57,671,-3.0056887,0.7865738, -2.8871875,-0.25423428, -6.099079, 7.342568
15:01:57,672,-2.9650874,0.8635379, -2.9074466,-0.25423428, -6.099079, 7.342568
15:01:57,673,-2.9650874,0.8635379, -2.9074466,-3.6635776, -5.0169, 8.017733
15:01:57,674,-2.8427918,0.93491673, -3.0727093,-3.6635776, -5.0169, 8.017733
15:01:57,675,-2.8427918,0.93491673, -3.0727093,-4.6140757, -4.0879498, 7.0169563
15:01:57,676,-2.6764953,0.97173077, 2.9626656,-4.6140757, -4.0879498, 7.0169563
15:01:57,677,-2.6764953,0.97173077, 2.9626656,-4.760122, -3.9730282, 7.0672345
15:01:57,678,-2.6221251,0.9530383, 2.867609,-4.760122, -3.9730282, 7.0672345
15:01:57,679,-2.6221251,0.9530383, 2.867609,-5.5741506, -6.0464067, 6.9690723
15:01:57,680,-2.5489793,0.9192073, 2.7432363,-5.5741506, -6.0464067, 6.9690723
15:01:57,681,-2.5489793,0.9192073, 2.7432363,-3.8910267, -5.2132244, 6.9858317
15:01:57,682,-2.552973,0.8919238, 2.7301438,-3.8910267, -5.2132244, 6.9858317
15:01:57,683,-2.552973,0.8919238, 2.7301438,-6.04102, -5.344906, 6.878093
15:01:58,684,-2.5177827,0.8816891, 2.7311447,-6.04102, -5.344906, 6.878093
15:01:58,685,-2.5177827,0.8816891, 2.7311447,-7.197419, -4.23639, 5.9467483
15:01:58,686,-2.4940193,0.89709085, 2.746808,-7.197419, -4.23639, 5.9467483
15:01:58,687,-2.4940193,0.89709085, 2.746808,-5.9667997, -5.9482446, 4.3737574
15:01:58,688,-2.587257,0.8699064, 2.9279335,-5.9667997, -5.9482446, 4.3737574
15:01:58,689,-2.587257,0.8699064, 2.9279335,-0.07227496, -5.8141694, 7.7328224
15:01:58,690,-2.6908822,0.87696, 3.1131868,-0.07227496, -5.8141694, 7.7328224
15:01:58,691,-2.6908822,0.87696, 3.1131868,3.6626797, -4.384831, 7.3162313
15:01:58,692,-2.74409,0.80215085, 3.131502,3.6626797, -4.384831, 7.3162313
15:01:58,693,-2.74409,0.80215085, 3.131502,3.595642, -7.1118264, 6.77993
15:01:58,694,-2.7713485,0.76578635, 3.11289,3.595642, -7.1118264, 6.77993
15:01:58,695,-2.7713485,0.76578635, 3.11289,3.3657987, -7.9306436, 5.968296
15:01:58,696,-2.7927377,0.70062435, 3.027201,3.3657987, -7.9306436, 5.968296
15:01:58,697,-2.7927377,0.70062435, 3.027201,3.2676363, -8.2299185, 6.133496
15:01:58,698,-2.8054938,0.66010624, 2.9622352,3.2676363, -8.2299185, 6.133496
15:01:58,699,-2.8054938,0.66010624, 2.9622352,2.6283846, -8.057536, 6.6290956
15:01:58,700,-2.7983067,0.6595841, 2.914122,2.6283846, -8.057536, 6.6290956
15:01:58,701,-2.7983067,0.6595841, 2.914122,-0.36676177, -7.217171, 7.3162313
15:01:58,702,-2.7876177,0.66056466, 2.896089,-0.36676177, -7.217171, 7.3162313
15:01:58,703,-2.7876177,0.66056466, 2.896089,-1.508796, -7.861212, 6.9594955
15:01:58,704,-2.7898948,0.646506, 2.892735,-1.508796, -7.861212, 6.9594955
15:01:58,705,-2.7898948,0.646506, 2.892735,-2.7011085, -7.05676, 6.1311016
15:01:58,706,-2.7902136,0.67350864, 2.8813553,-2.7011085, -7.05676, 6.1311016
15:01:58,707,-2.7902136,0.67350864, 2.8813553,-1.925387, -6.829311, 5.9491425
15:01:58,708,-2.810494,0.6689486, 2.878932,-1.925387, -6.829311, 5.9491425
15:01:58,709,-2.810494,0.6689486, 2.878932,-2.373103, -7.119009, 5.745635
15:01:58,710,-2.8072922,0.6756759, 2.8713517,-2.373103, -7.119009, 5.745635
15:01:58,711,-2.8072922,0.6756759, 2.8713517,-2.0834043, -7.116615, 5.9826612
15:01:58,712,-2.7827244,0.70533097, 2.8554869,-2.0834043, -7.116615, 5.9826612
15:01:59,713,-2.7827244,0.70533097, 2.8554869,-2.6556187, -6.9346557, 6.2867246
15:01:59,714,-2.7542508,0.71179384, 2.8330517,-2.6556187, -6.9346557, 6.2867246
15:01:59,715,-2.7542508,0.71179384, 2.8330517,-2.9285576, -6.829311, 6.1909566
15:01:59,716,-2.7495673,0.70050323, 2.8259816,-2.9285576, -6.829311, 6.1909566
15:01:59,717,-2.7495673,0.70050323, 2.8259816,-2.124106, -6.9298673, 6.348974
15:01:59,718,-2.7437973,0.69876915, 2.8207135,-2.124106, -6.9298673, 6.348974
15:01:59,719,-2.7437973,0.69876915, 2.8207135,-2.2509985, -6.7359366, 6.4016466
15:01:59,720,-2.7403262,0.69531834, 2.8162596,-2.2509985, -6.7359366, 6.4016466
15:01:59,721,-2.7403262,0.69531834, 2.8162596,-2.6508303, -6.762273, 6.372916
15:01:59,722,-2.736764,0.6939049, 2.810732,-2.6508303, -6.762273, 6.372916
15:01:59,723,-2.736764,0.6939049, 2.810732,-2.5023897, -7.01127, 6.279542
15:01:59,724,-2.7316568,0.69667387, 2.8075995,-2.5023897, -7.01127, 6.279542
15:01:59,725,-2.7316568,0.69667387, 2.8075995,-2.3826797, -6.805369, 6.4208
15:01:59,726,-2.7296128,0.69973326, 2.8056028,-2.3826797, -6.805369, 6.4208
15:01:59,727,-2.7296128,0.69973326, 2.8056028,-2.7968764, -6.692841, 6.4351654
15:01:59,728,-2.7354965,0.70486885, 2.804735,-2.7968764, -6.692841, 6.4351654
15:01:59,729,-2.7354965,0.70486885, 2.804735,-2.4999955, -6.8340993, 6.2603884
15:01:59,730,-2.743855,0.70722294, 2.805726,-2.4999955, -6.8340993, 6.2603884
15:01:59,731,-2.743855,0.70722294, 2.805726,-2.4305637, -6.6736875, 6.138284
15:01:59,732,-2.741567,0.7095208, 2.8020954,-2.4305637, -6.6736875, 6.138284
15:01:59,733,-2.741567,0.7095208, 2.8020954,-2.387468, -6.889166, 6.205322
15:01:59,734,-2.7372758,0.71075195, 2.799768,-2.387468, -6.889166, 6.205322
15:01:59,735,-2.7372758,0.71075195, 2.799768,-2.397045, -6.7311482, 6.186168
15:01:59,736,-2.730683,0.7134503, 2.799315,-2.397045, -6.7311482, 6.186168
15:01: