Time,Record No,Azimuth,Pitch,Roll,Accel-X,Accel-Y,Accel-Z,Start/Quit,Label
15:22:57,0,2.4588923,1.2945352,2.8036916,-1.1616367,-3.9059904,9.207651,,select pause 1
15:22:57,1,2.4588923,1.2945352,2.8036916,-1.1616367,-3.9059904,9.207651,,select pause 1
15:22:57,2,2.4588923,1.2945352,2.8036916,-1.1616367,-3.9059904,9.207651,,select pause 1
15:22:57,3,2.4588923,1.2945352,2.8036916,-1.1616367,-3.9059904,9.207651,,select pause 1
15:22:57,4,2.4588923,1.2945352,2.8036916,-1.1616367,-3.9059904,9.207651,,select pause 1
15:22:57,5,2.4588923,1.2945352,2.8036916,-1.1616367,-3.9059904,9.207651,,select pause 1
15:22:57,6,-2.876966,1.2410866,2.9094517,-1.1616367,-3.9059904,9.207651,,select pause 1
15:22:58,7,-2.876966,1.2410866,2.9094517,-0.5966051,-3.6833296,9.193286,,select pause 1
15:22:58,8,-2.9057477,1.2342781,2.9361467,-0.5966051,-3.6833296,9.193286,,select pause 1
15:22:58,9,-2.9057477,1.2342781,2.9361467,-0.5798457,-3.2858922,8.616283,,select pause 1
15:22:58,10,-2.9735587,1.222053,3.0002089,-0.5798457,-3.2858922,8.616283,,select pause 1
15:22:58,11,-2.9735587,1.222053,3.0002089,0.18629882,-3.982605,8.283489,,select pause 1
15:22:58,12,-3.078294,1.184424,3.0948377,0.18629882,-3.982605,8.283489,,select pause 1
15:22:58,13,-3.078294,1.184424,3.0948377,0.1743278,-4.5811553,8.587553,,select pause 1
15:22:58,14,-3.123944,1.1600454,3.1339507,0.1743278,-4.5811553,8.587553,,select pause 1
15:22:58,15,-3.123944,1.1600454,3.1339507,-0.041150343,-4.348918,8.453477,,select pause 1
15:22:58,16,3.0930746,1.1019076,-3.1037738,-0.041150343,-4.348918,8.453477,,select pause 1
15:22:58,17,3.0930746,1.1019076,-3.1037738,0.24615386,-5.0360537,8.436718,,select pause 1
15:22:58,18,3.0433319,1.0413235,-3.0741618,0.24615386,-5.0360537,8.436718,,select pause 1
15:22:58,19,3.0433319,1.0413235,-3.0741618,0.5885247,-5.46701,8.135049,,select pause 1
15:22:58,20,3.0162477,0.9993622,-3.0629137,0.5885247,-5.46701,8.135049,,select pause 1
15:22:58,21,3.0162477,0.9993622,-3.0629137,1.256507,-6.0296474,8.017733,,select pause 1
15:22:58,22,3.0100217,0.9852387,-3.0637362,1.256507,-6.0296474,8.017733,,select pause 1
15:22:58,23,3.0100217,0.9852387,-3.0637362,1.3019968,-6.206818,7.524527,,select pause 1
15:22:58,24,3.0090163,0.96826583,-3.0739005,1.3019968,-6.206818,7.524527,,select pause 1
15:22:58,25,3.0090163,0.96826583,-3.0739005,-0.09382278,-5.54123,7.5293155,,select pause 1
15:22:58,26,3.0327237,0.9640575,-3.0924675,-0.09382278,-5.54123,7.5293155,,select pause 1
15:22:58,27,3.0327237,0.9640575,-3.0924675,-0.13452421,-5.186888,7.5771995,,select pause 1
15:22:58,28,3.0432189,0.9513357,-3.100583,-0.13452421,-5.186888,7.5771995,,select pause 1
15:22:58,29,3.0432189,0.9513357,-3.100583,-0.120159,-5.476587,7.8956285,,select pause 1
15:22:58,30,3.0470994,0.940854,-3.1038866,-0.120159,-5.476587,7.8956285,,select pause 1
15:22:58,31,3.0470994,0.940854,-3.1038866,-0.09861118,-5.335329,7.7687354,,select pause 1
15:22:58,32,3.0639725,0.9437839,-3.115758,-0.09861118,-5.335329,7.7687354,,select pause 1
15:22:58,33,3.0639725,0.9437839,-3.115758,-0.33803135,-5.811775,7.924359,,select pause 1
15:22:58,34,3.0757635,0.94345874,-3.1299589,-0.33803135,-5.811775,7.924359,,select pause 1
15:22:59,35,3.0757635,0.94345874,-3.1299589,0.473603,-6.0320415,7.558046,,select pause 1
15:22:59,36,3.0731032,0.9329428,-3.1371658,0.473603,-6.0320415,7.558046,,select pause 1
15:22:59,37,3.0731032,0.9329428,-3.1371658,0.28685528,-6.1541457,7.6729674,,select pause 1
15:22:59,38,3.0804162,0.92111737,3.1399002,0.28685528,-6.1541457,7.6729674,,select pause 1
15:22:59,39,3.0804162,0.92111737,3.1399002,-0.20635025,-5.883601,7.512556,,select pause 1
15:22:59,40,3.0900238,0.92011094,3.1358566,-0.20635025,-5.883601,7.512556,,select pause 1
15:22:59,41,3.0900238,0.92011094,3.1358566,-0.16325463,-5.8644476,7.7711296,,select pause 1
15:22:59,42,3.1124837,0.9128585,3.126842,-0.16325463,-5.8644476,7.7711296,,select pause 1
15:22:59,43,3.1124837,0.9128585,3.126842,-0.25423428,-5.574749,7.6490254,,select pause 1
15:22:59,44,3.1413891,0.9124796,3.1119323,-0.25423428,-5.574749,7.6490254,,select pause 1
15:22:59,45,3.1413891,0.9124796,3.1119323,-0.2829647,-5.5939026,7.438336,,select pause 1
15:22:59,46,-3.114291,0.91248083,3.0955215,-0.2829647,-5.5939026,7.438336,,select pause 1
15:22:59,47,-3.114291,0.91248083,3.0955215,-0.55829793,-5.976975,7.5891705,,select pause 1
15:22:59,48,-3.0956182,0.9095511,3.0811954,-0.55829793,-5.976975,7.5891705,,select pause 1
15:22:59,49,-3.0956182,0.9095511,3.0811954,-0.6061819,-5.931485,7.7926774,,select pause 1
15:22:59,50,-3.0557134,0.90815145,3.0472903,-0.6061819,-5.931485,7.7926774,,select pause 1
15:22:59,51,-3.0557134,0.90815145,3.0472903,-0.713921,-6.024859,7.8812633,,select pause 1
15:22:59,52,-3.0308893,0.9011833,3.0222943,-0.713921,-6.024859,7.8812633,,select pause 1
15:22:59,53,-3.0308893,0.9011833,3.0222943,-0.6085761,-5.8381114,7.658602,,select pause 1
15:22:59,54,-3.0173247,0.89686865,3.005942,-0.6085761,-5.8381114,7.658602,,select pause 1
15:22:59,55,-3.0173247,0.89686865,3.005942,-0.76419926,-6.1158385,7.689727,,select pause 1
15:22:59,56,-3.0143304,0.89443594,3.0008402,-0.76419926,-6.1158385,7.689727,,select pause 1
15:22:59,57,-3.0143304,0.89443594,3.0008402,-0.77617025,-6.0823197,7.6035357,,select pause 1
15:22:59,58,-3.01847,0.8914409,2.9989524,-0.77617025,-6.0823197,7.6035357,,select pause 1
15:22:59,59,-3.01847,0.8914409,2.9989524,-0.8096891,-6.1373863,7.629872,,select pause 1
15:22:59,60,-3.0301518,0.8869121,3.0053055,-0.8096891,-6.1373863,7.629872,,select pause 1
15:22:59,61,-3.0301518,0.8869121,3.0053055,-0.88151515,-6.1302037,7.5676227,,select pause 1
15:22:59,62,-3.045041,0.885536,3.0166893,-0.88151515,-6.1302037,7.5676227,,select pause 1
15:23:00,63,-3.045041,0.885536,3.0166893,-0.8240543,-6.0320415,7.4550953,,select pause 1
15:23:00,64,-3.0543258,0.88364834,3.0236628,-0.8240543,-6.0320415,7.4550953,,select pause 1
15:23:00,65,-3.0543258,0.88364834,3.0236628,-0.75462246,-5.902755,7.4119997,,select pause 1
15:23:00,66,-3.070614,0.88214207,3.0355976,-0.75462246,-5.902755,7.4119997,,select pause 1
15:23:00,67,-3.070614,0.88214207,3.0355976,-0.7187094,-5.976975,7.4311533,,select pause 1
15:23:00,68,-3.0791147,0.88131964,3.040623,-0.7187094,-5.976975,7.4311533,,select pause 1
15:23:00,69,-3.0791147,0.88131964,3.040623,-0.75701666,-6.1062617,7.5149503,,select pause 1
15:23:00,70,-3.07858,0.8835387,3.0391955,-0.75701666,-6.1062617,7.5149503,,select pause 1
15:23:00,71,-3.07858,0.8835387,3.0391955,-0.5487211,-5.8429,7.4239707,,select pause 1
15:23:00,72,-3.0764065,0.8851529,3.0377142,-0.5487211,-5.8429,7.4239707,,select pause 1
15:23:00,73,-3.0764065,0.8851529,3.0377142,-0.630124,-5.7471313,7.4000287,,select pause 1
15:23:00,74,-3.0737169,0.8835686,3.0323231,-0.630124,-5.7471313,7.4000287,,select pause 1
15:23:00,75,-3.0737169,0.8835686,3.0323231,-0.7330746,-6.024859,7.4694605,,select pause 1
15:23:00,76,-3.077309,0.87693906,3.0281076,-0.7330746,-6.024859,7.4694605,,select pause 1
15:23:00,77,-3.077309,0.87693906,3.0281076,-0.8360253,-6.146963,7.5987473,,select pause 1
15:23:00,78,-3.0813303,0.8726792,3.0253985,-0.8360253,-6.146963,7.5987473,,select pause 1
15:23:00,79,-3.0813303,0.8726792,3.0253985,-0.7163152,-6.146963,7.48622,,select pause 1
15:23:00,80,-3.0824654,0.87051135,3.0247886,-0.7163152,-6.146963,7.48622,,select pause 1
15:23:00,81,-3.0824654,0.87051135,3.0247886,-0.75222826,-6.2116065,7.5436807,,select pause 1
15:23:00,82,-3.0862274,0.8712182,3.0247889,-0.75222826,-6.2116065,7.5436807,,select pause 1
15:23:00,83,-3.0862274,0.8712182,3.0247889,-0.8001123,-6.1278095,7.512556,,select pause 1
15:23:00,84,-3.0948126,0.8685791,3.028044,-0.8001123,-6.1278095,7.512556,,select pause 1
15:23:00,85,-3.0948126,0.8685791,3.028044,-0.74504566,-6.0320415,7.428759,,select pause 1
15:23:00,86,-3.1059322,0.86696124,3.0349472,-0.74504566,-6.0320415,7.428759,,select pause 1
15:23:00,87,-3.1059322,0.86696124,3.0349472,-0.6037877,-6.278644,7.512556,,select pause 1
15:23:00,88,-3.1115038,0.8665342,3.0395694,-0.6037877,-6.278644,7.512556,,select pause 1
15:23:00,89,-3.1115038,0.8665342,3.0395694,-0.56069213,-6.1852703,7.4000287,,select pause 1
15:23:00,90,-3.118104,0.86746633,3.048069,-0.56069213,-6.1852703,7.4000287,,select pause 1
15:23:00,91,-3.118104,0.86746633,3.048069,-0.37155017,-6.134992,7.289895,,select pause 1
15:23:01,92,-3.1279259,0.86507803,3.0630336,-0.37155017,-6.134992,7.289895,,select pause 1
15:23:01,93,-3.1279259,0.86507803,3.0630336,-0.37155017,-6.0655603,7.342568,,select pause 1
15:23:01,94,-3.1364787,0.8629678,3.0741332,-0.37155017,-6.0655603,7.342568,,select pause 1
15:23:01,95,-3.1364787,0.8629678,3.0741332,-0.5750573,-6.2092123,7.5556517,,select pause 1
15:23:01,96,-3.1392133,0.8634552,3.079021,-0.5750573,-6.2092123,7.5556517,,select pause 1
15:23:01,97,-3.1392133,0.8634552,3.079021,-0.2757821,-5.799804,7.2683473,,select pause 1
15:23:01,98,3.1381001,0.8659305,3.092565,-0.2757821,-5.799804,7.2683473,,select pause 1
15:23:01,99,3.1381001,0.8659305,3.092565,-0.19916765,-5.572355,7.0432925,,select pause 1
15:23:01,100,3.1369731,0.86482507,3.0955682,-0.19916765,-5.572355,7.0432925,,select pause 1
15:23:01,101,3.1369731,0.86482507,3.0955682,-0.8001123,-6.56116,7.572411,,select pause 1
15:23:01,102,-3.1309848,0.86469096,3.0747762,-0.8001123,-6.56116,7.572411,,select pause 1
15:23:01,103,-3.1309848,0.86469096,3.0747762,-0.64209497,-6.3384995,7.608324,,select pause 1
15:23:01,104,-3.123757,0.86653525,3.0667539,-0.64209497,-6.3384995,7.608324,,select pause 1
15:23:01,105,-3.123757,0.86653525,3.0667539,-0.440982,-6.060772,7.5197387,,select pause 1
15:23:01,106,-3.119969,0.86396414,3.0615075,-0.440982,-6.060772,7.5197387,,select pause 1
15:23:01,107,-3.119969,0.86396414,3.0615075,-0.20635025,-6.168511,7.5676227,,select pause 1
15:23:01,108,-3.1246371,0.86318964,3.064442,-0.20635025,-6.168511,7.5676227,,select pause 1
15:23:01,109,-3.1246371,0.86318964,3.064442,-0.115370594,-6.1062617,7.840562,,select pause 1
15:23:01,110,-3.1273549,0.86804205,3.0676692,-0.115370594,-6.1062617,7.840562,,select pause 1
15:23:01,111,-3.1273549,0.86804205,3.0676692,-0.33803135,-5.988946,7.802254,,select pause 1
15:23:01,112,-3.124632,0.8777366,3.0688493,-0.33803135,-5.988946,7.802254,,select pause 1
15:23:01,113,-3.124632,0.8777366,3.0688493,-0.36197338,-6.0320415,7.5412865,,select pause 1
15:23:01,114,-3.1235597,0.8924949,3.0741065,-0.36197338,-6.0320415,7.5412865,,select forward
15:23:01,115,-3.1235597,0.8924949,3.0741065,0.6028899,-6.266673,7.656208,,select forward
15:23:01,116,-3.1324742,0.89924824,3.089481,0.6028899,-6.266673,7.656208,,select forward
15:23:01,117,-3.1324742,0.89924824,3.089481,2.1399674,-6.5324297,8.118289,,select forward
15:23:01,118,3.114729,0.8691204,-3.1160612,2.1399674,-6.5324297,8.118289,,select forward
15:23:01,119,3.114729,0.8691204,-3.1160612,5.4511485,-8.64651,9.219622,,select forward
15:23:01,120,3.0886664,0.8348083,-3.0434604,5.4511485,-8.64651,9.219622,,select forward
15:23:02,121,3.0886664,0.8348083,-3.0434604,4.9172416,-10.207529,9.454253,,select forward
15:23:02,122,3.0464258,0.78991383,-2.881363,4.9172416,-10.207529,9.454253,,select forward
15:23:02,123,3.0464258,0.78991383,-2.881363,2.0609589,-4.906767,6.2148986,,select forward
15:23:02,124,2.9765594,0.87536293,-2.7431252,2.0609589,-4.906767,6.2148986,,select forward
15:23:02,125,2.9765594,0.87536293,-2.7431252,-0.76419926,-5.2754736,5.709722,,select forward
15:23:02,126,3.0864003,0.9424151,-2.8868618,-0.76419926,-5.2754736,5.709722,,select forward
15:23:02,127,3.0864003,0.9424151,-2.8868618,-5.3778257,-5.4717984,6.8517566,,select forward
15:23:02,128,-3.0900228,0.96836597,-3.0352926,-5.3778257,-5.4717984,6.8517566,,select forward
15:23:02,129,-3.0900228,0.96836597,-3.0352926,-4.712238,-3.5253124,6.571635,,select forward
15:23:02,130,-2.9012558,1.0141203,2.97494,-4.712238,-3.5253124,6.571635,,select forward
15:23:02,131,-2.9012558,1.0141203,2.97494,-3.359514,-2.8788779,7.0408983,,select forward
15:23:02,132,-2.7592123,1.046433,2.757822,-3.359514,-2.8788779,7.0408983,,select forward
15:23:02,133,-2.7592123,1.046433,2.757822,-3.4265516,-2.6753707,6.7368345,,select forward
15:23:02,134,-2.657547,1.0670837,2.6037812,-3.4265516,-2.6753707,6.7368345,,select forward
15:23:02,135,-2.657547,1.0670837,2.6037812,-2.4521115,-2.974646,8.182933,,select forward
15:23:02,136,-2.6339927,1.0702031,2.5708892,-2.4521115,-2.974646,8.182933,,select forward
15:23:02,137,-2.6339927,1.0702031,2.5708892,-2.5957634,-3.5492544,8.961048,,select forward
15:23:02,138,-2.6151261,1.0640476,2.538756,-2.5957634,-3.5492544,8.961048,,select forward
15:23:02,139,-2.6151261,1.0640476,2.538756,-2.602946,-4.375254,8.704868,,select forward
15:23:02,140,-2.6301346,1.0566196,2.5475311,-2.602946,-4.375254,8.704868,,select forward
15:23:02,141,-2.6301346,1.0566196,2.5475311,-2.294094,-3.6545992,8.343344,,select forward
15:23:02,142,-2.6377144,1.0590789,2.552265,-2.294094,-3.6545992,8.343344,,select forward
15:23:02,143,-2.6377144,1.0590789,2.552265,-2.5239375,-4.82297,8.762329,,select forward
15:23:02,144,-2.6531873,1.048373,2.5632846,-2.5239375,-4.82297,8.762329,,select forward
15:23:02,145,-2.6531873,1.048373,2.5632846,-2.5598505,-4.078373,8.317008,,select forward
15:23:02,146,-2.6435335,1.053001,2.546322,-2.5598505,-4.078373,8.317008,,select forward
15:23:02,147,-2.6435335,1.053001,2.546322,-2.3898623,-3.913173,8.182933,,select forward
15:23:02,148,-2.658775,1.0478953,2.564913,-2.3898623,-3.913173,8.182933,,select forward
15:23:03,149,-2.658775,1.0478953,2.564913,-2.2964883,-3.7120602,8.283489,,select forward
15:23:03,150,-2.6627476,1.0509032,2.5749295,-2.2964883,-3.7120602,8.283489,,select forward
15:23:03,151,-2.6627476,1.0509032,2.5749295,-2.5406969,-3.709666,8.465448,,select forward
15:23:03,152,-2.6591797,1.0533555,2.5709476,-2.5406969,-3.709666,8.465448,,select forward
15:23:03,153,-2.6591797,1.0533555,2.5709476,-2.5287259,-3.8030398,8.587553,,select pause 2
15:23:03,154,-2.655564,1.055974,2.5664158,-2.5287259,-3.8030398,8.587553,,select pause 2
15:23:03,155,-2.655564,1.055974,2.5664158,-2.420987,-3.6569934,8.482207,,select pause 2
15:23:03,156,-2.6488183,1.0639399,2.555219,-2.420987,-3.6569934,8.482207,,select pause 2
15:23:03,157,-2.6488183,1.0639399,2.555219,-2.5143607,-3.5277066,8.439112,,select pause 2
15:23:03,158,-2.6343553,1.0776316,2.5341759,-2.5143607,-3.5277066,8.439112,,select pause 2
15:23:03,159,-2.6343553,1.0776316,2.5341759,-2.4281695,-3.5899558,8.527698,,select pause 2
15:23:03,160,-2.6340063,1.0806268,2.5321004,-2.4281695,-3.5899558,8.527698,,select pause 2
15:23:03,161,-2.6340063,1.0806268,2.5321004,-2.4066217,-3.5013704,8.321796,,select pause 2
15:23:03,162,-2.6435497,1.0809019,2.5396318,-2.4066217,-3.5013704,8.321796,,select pause 2
15:23:03,163,-2.6435497,1.0809019,2.5396318,-2.41141,-3.4798226,8.115895,,select pause 2
15:23:03,164,-2.6452765,1.080006,2.5402443,-2.41141,-3.4798226,8.115895,,select pause 2
15:23:03,165,-2.6452765,1.080006,2.5402443,-2.5215433,-3.7383964,8.228422,,select pause 2
15:23:03,166,-2.6369057,1.0783317,2.5325449,-2.5215433,-3.7383964,8.228422,,select pause 2
15:23:03,167,-2.6369057,1.0783317,2.5325449,-2.5813982,-3.7767036,8.724022,,select pause 2
15:23:03,168,-2.6332948,1.0744298,2.5262654,-2.5813982,-3.7767036,8.724022,,select pause 2
15:23:03,169,-2.6332948,1.0744298,2.5262654,-2.5766098,-3.901202,8.661773,,select pause 2
15:23:03,170,-2.6282997,1.0645194,2.5121374,-2.5766098,-3.901202,8.661773,,select pause 2
15:23:03,171,-2.6282997,1.0645194,2.5121374,-2.7011085,-3.5348892,8.506149,,select pause 2
15:23:03,172,-2.6210515,1.0662706,2.5058312,-2.7011085,-3.5348892,8.506149,,select pause 2
15:23:03,173,-2.6210515,1.0662706,2.5058312,-2.7298388,-3.4798226,8.831761,,select pause 2
15:23:03,174,-2.627298,1.0672007,2.5116813,-2.7298388,-3.4798226,8.831761,,select pause 2
15:23:03,175,-2.627298,1.0672007,2.5116813,-2.839972,-3.7743094,8.566005,,select pause 2
15:23:03,176,-2.6358426,1.0659869,2.516893,-2.839972,-3.7743094,8.566005,,select pause 2
15:23:04,177,-2.6358426,1.0659869,2.516893,-2.6412535,-3.7551558,8.470237,,select pause 2
15:23:04,178,-2.6523888,1.0672177,2.532542,-2.6412535,-3.7551558,8.470237,,select pause 2
15:23:04,179,-2.6523888,1.0672177,2.532542,-2.543091,-3.6905122,8.34095,,select pause 2
15:23:04,180,-2.6754906,1.0609437,2.5543768,-2.543091,-3.6905122,8.34095,,select pause 2
15:23:04,181,-2.6754906,1.0609437,2.5543768,-2.590975,-3.8365586,8.343344,,select pause 2
15:23:04,182,-2.6784623,1.068861,2.5600293,-2.590975,-3.8365586,8.343344,,select pause 2
15:23:04,183,-2.6784623,1.068861,2.5600293,-2.4640825,-3.496582,7.972243,,select pause 2
15:23:04,184,-2.6750438,1.074305,2.55868,-2.4640825,-3.496582,7.972243,,select pause 2
15:23:04,185,-2.6750438,1.074305,2.55868,-2.4616883,-3.5157356,8.257153,,select pause 2
15:23:04,186,-2.6707566,1.0772784,2.5574307,-2.4616883,-3.5157356,8.257153,,select pause 2
15:23:04,187,-2.6707566,1.0772784,2.5574307,-2.507178,-3.4175732,8.398411,,select pause 2
15:23:04,188,-2.6605957,1.077728,2.5479698,-2.507178,-3.4175732,8.398411,,select pause 2
15:23:04,189,-2.6605957,1.077728,2.5479698,-2.590975,-3.8676832,8.640225,,select pause 2
15:23:04,190,-2.652254,1.0755355,2.5382414,-2.590975,-3.8676832,8.640225,,select pause 2
15:23:04,191,-2.652254,1.0755355,2.5382414,-2.6628013,-3.8126166,8.633042,,select pause 2
15:23:04,192,-2.6524127,1.073272,2.5372639,-2.6628013,-3.8126166,8.633042,,select pause 2
15:23:04,193,-2.6524127,1.073272,2.5372639,-2.4784477,-3.6785412,8.690503,,select pause 2
15:23:04,194,-2.6570926,1.0728444,2.5427263,-2.4784477,-3.6785412,8.690503,,select pause 2
15:23:04,195,-2.6570926,1.0728444,2.5427263,-2.432958,-3.5708022,8.501361,,select pause 2
15:23:04,196,-2.6629987,1.0729698,2.5477817,-2.432958,-3.5708022,8.501361,,select pause 2
15:23:04,197,-2.6629987,1.0729698,2.5477817,-2.6628013,-3.7623384,8.48939,,select pause 2
15:23:04,198,-2.6679513,1.0753199,2.5519185,-2.6628013,-3.7623384,8.48939,,select pause 2
15:23:04,199,-2.6679513,1.0753199,2.5519185,-2.5718215,-3.6569934,8.453477,,select pause 2
15:23:04,200,-2.6721478,1.0749445,2.5565178,-2.5718215,-3.6569934,8.453477,,select pause 2
15:23:04,201,-2.6721478,1.0749445,2.5565178,-2.5406969,-3.6138978,8.259547,,select pause 2
15:23:04,202,-2.676334,1.0742385,2.5604105,-2.5406969,-3.6138978,8.259547,,select pause 2
15:23:04,203,-2.676334,1.0742385,2.5604105,-2.6508303,-3.8868368,8.537274,,select pause 2
15:23:04,204,-2.6762898,1.0719097,2.5594494,-2.6508303,-3.8868368,8.537274,,select pause 2
15:23:04,205,-2.6762898,1.0719097,2.5594494,-2.6675897,-3.5588312,8.278701,,select pause 2
15:23:04,206,-2.6590974,1.075884,2.5401719,-2.6675897,-3.5588312,8.278701,,select pause 2
15:23:05,207,-2.6590974,1.075884,2.5401719,-2.6460419,-3.709666,8.381651,,select pause 2
15:23:05,208,-2.665125,1.067812,2.5447507,-2.6460419,-3.709666,8.381651,,select pause 2
15:23:05,209,-2.665125,1.067812,2.5447507,-2.579004,-3.5109472,8.302643,,select pause 2
15:23:05,210,-2.6689396,1.0587385,2.5455797,-2.579004,-3.5109472,8.302643,,select pause 2
15:23:05,211,-2.6689396,1.0587385,2.5455797,-2.7753286,-4.092738,8.4439,,select pause 2
15:23:05,212,-2.6783586,1.0493147,2.5546854,-2.7753286,-4.092738,8.4439,,select pause 2
15:23:05,213,-2.6783586,1.0493147,2.5546854,-2.6651955,-3.7623384,8.4965725,,select pause 2
15:23:05,214,-2.6638966,1.0618718,2.5450406,-2.6651955,-3.7623384,8.4965725,,select pause 2
15:23:05,215,-2.6638966,1.0618718,2.5450406,-2.5454853,-3.8006456,8.419958,,select pause 2
15:23:05,216,-2.6710973,1.0588439,2.5540912,-2.5454853,-3.8006456,8.419958,,select pause 2
15:23:05,217,-2.6710973,1.0588439,2.5540912,-2.648436,-3.484611,8.29546,,select pause 2
15:23:05,218,-2.668821,1.0598624,2.553947,-2.648436,-3.484611,8.29546,,select pause 2
15:23:05,219,-2.668821,1.0598624,2.553947,-2.6987143,-3.6186862,8.336162,,select pause 2
15:23:05,220,-2.6653252,1.0601171,2.5526662,-2.6987143,-3.6186862,8.336162,,select pause 2
15:23:05,221,-2.6653252,1.0601171,2.5526662,-2.8519433,-3.7168486,8.223634,,select pause 2
15:23:05,222,-2.6605978,1.0584905,2.5490198,-2.8519433,-3.7168486,8.223634,,select pause 2
15:23:05,223,-2.6605978,1.0584905,2.5490198,-2.7298388,-3.6665702,8.29546,,select pause 2
15:23:05,224,-2.6573591,1.0578337,2.5461836,-2.7298388,-3.6665702,8.29546,,select pause 2
15:23:05,225,-2.6573591,1.0578337,2.5461836,-2.8926446,-3.9921818,8.451083,,select pause 2
15:23:05,226,-2.6562808,1.0544997,2.5482795,-2.8926446,-3.9921818,8.451083,,select pause 2
15:23:05,227,-2.6562808,1.0544997,2.5482795,-3.6037226,-3.6665702,7.9099936,,select back
15:23:05,228,-2.6455774,1.0535263,2.544327,-3.6037226,-3.6665702,7.9099936,,select back
15:23:05,229,-2.6455774,1.0535263,2.544327,-3.1799488,-3.8341644,7.6155066,,select back
15:23:05,230,-2.6770897,1.0323685,2.5970361,-3.1799488,-3.8341644,7.6155066,,select back
15:23:05,231,-2.6770897,1.0323685,2.5970361,-3.4696472,-4.174141,7.4239707,,select back
15:23:05,232,-2.6854436,1.0259508,2.6284955,-3.4696472,-4.174141,7.4239707,,select back
15:23:05,233,-2.6854436,1.0259508,2.6284955,-5.246145,-3.709666,7.2611647,,select back
15:23:05,234,-2.6671367,1.0311874,2.6639705,-5.246145,-3.709666,7.2611647,,select back
15:23:06,235,-2.6671367,1.0311874,2.6639705,-2.5095723,-3.4079964,9.585935,,select back
15:23:06,236,-2.685941,1.0593799,2.7343333,-2.5095723,-3.4079964,9.585935,,select back
15:23:06,237,-2.685941,1.0593799,2.7343333,-6.352266,-4.9714103,9.79423,,select back
15:23:06,238,-2.734234,1.135331,2.845845,-6.352266,-4.9714103,9.79423,,select back
15:23:06,239,-2.734234,1.135331,2.845845,-1.1185411,-3.3625066,11.14456,,select back
15:23:06,240,-2.8202736,1.1557174,2.9563227,-1.1185411,-3.3625066,11.14456,,select back
15:23:06,241,-2.8202736,1.1557174,2.9563227,1.9867384,-5.3736362,7.4239707,,select back
15:23:06,242,-3.0414472,1.1089598,-3.0766506,1.9867384,-5.3736362,7.4239707,,select back
15:23:06,243,-3.0414472,1.1089598,-3.0766506,2.7121816,-4.006547,7.75437,,select back
15:23:06,244,-3.0898764,1.0888249,-3.0121114,2.7121816,-4.006547,7.75437,,select back
15:23:06,245,-3.0898764,1.0888249,-3.0121114,3.0042741,-5.5819316,8.637831,,select back
15:23:06,246,-3.1006043,1.0264273,-3.028505,3.0042741,-5.5819316,8.637831,,select back
15:23:06,247,-3.1006043,1.0264273,-3.028505,2.740912,-5.0815434,8.62586,,select back
15:23:06,248,-3.1076338,1.0103542,-3.0406427,2.740912,-5.0815434,8.62586,,select back
15:23:06,249,-3.1076338,1.0103542,-3.0406427,2.0106804,-5.074361,8.685715,,select back
15:23:06,250,-3.109998,0.9754342,-3.0748281,2.0106804,-5.074361,8.685715,,select back
15:23:06,251,-3.109998,0.9754342,-3.0748281,1.5126866,-5.253926,8.604312,,select back
15:23:06,252,-3.105596,0.9493311,-3.1096883,1.5126866,-5.253926,8.604312,,select back
15:23:06,253,-3.105596,0.9493311,-3.1096883,1.2110171,-5.0336595,8.386439,,select back
15:23:06,254,-3.0989864,0.94086564,-3.1268663,1.2110171,-5.0336595,8.386439,,select back
15:23:06,255,-3.0989864,0.94086564,-3.1268663,0.021098902,-6.0655603,8.379257,,select back
15:23:06,256,-3.079427,0.9213707,3.127024,0.021098902,-6.0655603,8.379257,,select back
15:23:06,257,-3.079427,0.9213707,3.127024,-0.112976395,-5.8644476,8.075193,,select back
15:23:06,258,-3.0773065,0.9235425,3.120636,-0.112976395,-5.8644476,8.075193,,select back
15:23:06,259,-3.0773065,0.9235425,3.120636,-0.5175965,-5.8620534,7.876475,,select back
15:23:06,260,-3.1160872,0.90672874,3.1362953,-0.5175965,-5.8620534,7.876475,,select back
15:23:06,261,-3.1160872,0.90672874,3.1362953,-0.29254153,-5.87163,7.9195704,,select back
15:23:06,262,3.1385581,0.8994685,-3.1340654,-0.29254153,-5.87163,7.9195704,,select back
15:23:07,263,3.1385581,0.8994685,-3.1340654,-0.19916765,-5.9602156,7.8070426,,select back
15:23:07,264,3.0932276,0.89614624,-3.1083307,-0.19916765,-5.9602156,7.8070426,,select back
15:23:07,265,3.0932276,0.89614624,-3.1083307,-0.026785132,-5.9458504,7.4694605,,select back
15:23:07,266,3.0767395,0.89699847,-3.0965292,-0.026785132,-5.9458504,7.4694605,,select back
15:23:07,267,3.0767395,0.89699847,-3.0965292,0.27009588,-6.0559835,7.265953,,select back
15:23:07,268,3.0849037,0.89530945,-3.1005266,0.27009588,-6.0559835,7.265953,,select back
15:23:07,269,3.0849037,0.89530945,-3.1005266,-0.25184008,-6.2810383,7.512556,,select back
15:23:07,270,3.1019754,0.89367104,-3.1132026,-0.25184008,-6.2810383,7.512556,,select back
15:23:07,271,3.1019754,0.89367104,-3.1132026,-0.10579379,-5.9817634,7.4479127,,select back
15:23:07,272,3.1317108,0.8922308,-3.1314843,-0.10579379,-5.9817634,7.4479127,,select pause 3
15:23:07,273,3.1317108,0.8922308,-3.1314843,-0.20156185,-6.206818,7.6849384,,select pause 3
15:23:07,274,-3.131203,0.8834505,-3.1395354,-0.20156185,-6.206818,7.6849384,,select pause 3
15:23:07,275,-3.131203,0.8834505,-3.1395354,-0.2901473,-5.96261,7.658602,,select pause 3
15:23:07,276,-3.1189556,0.8790232,3.139295,-0.2901473,-5.96261,7.658602,,select pause 3
15:23:07,277,-3.1189556,0.8790232,3.139295,-0.19916765,-5.9482446,7.6250834,,select pause 3
15:23:07,278,-3.1177704,0.87574124,3.139518,-0.19916765,-5.9482446,7.6250834,,select pause 3
15:23:07,279,-3.1177704,0.87574124,3.139518,-0.36436757,-6.0440125,7.6394486,,select pause 3
15:23:07,280,-3.1136358,0.87251943,3.1362727,-0.36436757,-6.0440125,7.6394486,,select pause 3
15:23:07,281,-3.1136358,0.87251943,3.1362727,-0.2638111,-6.1062617,7.6250834,,select pause 3
15:23:07,282,-3.1085637,0.87502676,3.1328137,-0.2638111,-6.1062617,7.6250834,,select pause 3
15:23:07,283,-3.1085637,0.87502676,3.1328137,-0.15846622,-6.120627,7.3976345,,select pause 3
15:23:07,284,-3.102867,0.8761621,3.1305528,-0.15846622,-6.120627,7.3976345,,select pause 3
15:23:07,285,-3.102867,0.8761621,3.1305528,-0.24944589,-6.0775313,7.416788,,select pause 3
15:23:07,286,-3.099204,0.876658,3.1283479,-0.24944589,-6.0775313,7.416788,,select pause 3
15:23:07,287,-3.099204,0.876658,3.1283479,-0.06748656,-6.060772,7.3066545,,select pause 3
15:23:07,288,-3.0949993,0.8747948,3.125354,-0.06748656,-6.060772,7.3066545,,select pause 3
15:23:07,289,-3.0949993,0.8747948,3.125354,-0.42661682,-6.2116065,7.4598837,,select pause 3
15:23:07,290,-3.092281,0.8703792,3.1203537,-0.42661682,-6.2116065,7.4598837,,select pause 3
15:23:07,291,-3.092281,0.8703792,3.1203537,-0.13691841,-6.0535893,7.5556517,,select pause 3
15:23:08,292,-3.0974116,0.86627674,3.1200423,-0.13691841,-6.0535893,7.5556517,,select pause 3
15:23:08,293,-3.0974116,0.86627674,3.1200423,-0.16564883,-6.23076,7.6250834,,select pause 3
15:23:08,294,-3.1022573,0.8614413,3.122044,-0.16564883,-6.23076,7.6250834,,select pause 3
15:23:08,295,-3.1022573,0.8614413,3.122044,-0.25423428,-6.2020297,7.5891705,,select pause 3
15:23:08,296,-3.10821,0.86098015,3.1252644,-0.25423428,-6.2020297,7.5891705,,select pause 3
15:23:08,297,-3.10821,0.86098015,3.1252644,-0.20395605,-6.2116065,7.3641157,,select pause 3
15:23:08,298,-3.1103494,0.8619341,3.1279867,-0.20395605,-6.2116065,7.3641157,,select pause 3
15:23:08,299,-3.1103494,0.8619341,3.1279867,-0.17522563,-6.216395,7.402423,,select pause 3
15:23:08,300,-3.1109035,0.86048985,3.1299777,-0.17522563,-6.216395,7.402423,,select pause 3
15:23:08,301,-3.1109035,0.86048985,3.1299777,-0.13213001,-6.192453,7.265953,,select pause 3
15:23:08,302,-3.1103907,0.85850173,3.1302533,-0.13213001,-6.192453,7.265953,,select pause 3
15:23:08,303,-3.1103907,0.85850173,3.1302533,-0.13452421,-6.168511,7.4479127,,select pause 3
15:23:08,304,-3.107102,0.8549918,3.1269453,-0.13452421,-6.168511,7.4479127,,select pause 3
15:23:08,305,-3.107102,0.8549918,3.1269453,-0.13931261,-6.216395,7.450307,,select pause 3
15:23:08,306,-3.105465,0.850738,3.1236608,-0.13931261,-6.216395,7.450307,,select pause 3
15:23:08,307,-3.105465,0.850738,3.1236608,-0.13931261,-6.2092123,7.4574895,,select pause 3
15:23:08,308,-3.107438,0.8489062,3.1244986,-0.13931261,-6.2092123,7.4574895,,select pause 3
15:23:08,309,-3.107438,0.8489062,3.1244986,-0.09382278,-6.2882214,7.4000287,,select pause 3
15:23:08,310,-3.110287,0.84895,3.1264012,-0.09382278,-6.2882214,7.4000287,,select pause 3
15:23:08,311,-3.110287,0.84895,3.1264012,-0.20156185,-6.2235775,7.380875,,select pause 3
15:23:08,312,-3.1155114,0.8471891,3.1294773,-0.20156185,-6.2235775,7.380875,,select pause 3
15:23:08,313,-3.1155114,0.8471891,3.1294773,-0.20635025,-6.4606037,7.313837,,select pause 3
15:23:08,314,-3.1185303,0.8460107,3.1307368,-0.20635025,-6.4606037,7.313837,,select pause 3
15:23:08,315,-3.1185303,0.8460107,3.1307368,-0.17043723,-6.379201,7.4239707,,select pause 3
15:23:08,316,-3.1198406,0.8471886,3.129891,-0.17043723,-6.379201,7.4239707,,select pause 3
15:23:08,317,-3.1198406,0.8471886,3.129891,-0.19677345,-6.403143,7.3641157,,select pause 3
15:23:08,318,-3.1190567,0.8460056,3.1294355,-0.19677345,-6.403143,7.3641157,,select pause 3
15:23:08,319,-3.1190567,0.8460056,3.1294355,-0.15367782,-6.369624,7.4335475,,select pause 3
15:23:08,320,-3.1159434,0.84862685,3.1293182,-0.15367782,-6.369624,7.4335475,,select pause 3
15:23:09,321,-3.1159434,0.84862685,3.1293182,-0.19677345,-6.319346,7.3832693,,select pause 3
15:23:09,322,-3.1123424,0.8511602,3.1272435,-0.19677345,-6.319346,7.3832693,,select pause 3
15:23:09,323,-3.1123424,0.8511602,3.1272435,-0.096216984,-6.278644,7.342568,,select pause 3
15:23:09,324,-3.1115582,0.8513361,3.1256762,-0.096216984,-6.278644,7.342568,,select pause 3
15:23:09,325,-3.1115582,0.8513361,3.1256762,-0.20156185,-6.345682,7.3497505,,select pause 3
15:23:09,326,-3.1097214,0.8508398,3.1231234,-0.20156185,-6.345682,7.3497505,,select pause 3
15:23:09,327,-3.1097214,0.8508398,3.1231234,-0.22310968,-6.278644,7.332991,,select pause 3
15:23:09,328,-3.106685,0.8510171,3.1179996,-0.22310968,-6.278644,7.332991,,select pause 3
15:23:09,329,-3.106685,0.8510171,3.1179996,-0.23747487,-6.2930098,7.342568,,select pause 3
15:23:09,330,-3.1079988,0.8491446,3.1155336,-0.23747487,-6.2930098,7.342568,,select pause 3
15:23:09,331,-3.1079988,0.8491446,3.1155336,-0.15607202,-6.2906156,7.344962,,select pause 3
15:23:09,332,-3.1133265,0.8478713,3.1162632,-0.15607202,-6.2906156,7.344962,,select pause 3
15:23:09,333,-3.1133265,0.8478713,3.1162632,-0.22550388,-6.295404,7.378481,,select pause 3
15:23:09,334,-3.1160903,0.8469878,3.1165798,-0.22550388,-6.295404,7.378481,,select pause 3
15:23:09,335,-3.1160903,0.8469878,3.1165798,-0.20874447,-6.2020297,7.1749735,,select pause 3
15:23:09,336,-3.1215358,0.84534967,3.1177819,-0.20874447,-6.2020297,7.1749735,,select pause 3
15:23:09,337,-3.1215358,0.84534967,3.1177819,-0.21832126,-6.27625,7.1055417,,select pause 3
15:23:09,338,-3.1255405,0.84305763,3.1170826,-0.21832126,-6.27625,7.1055417,,select pause 3
15:23:09,339,-3.1255405,0.84305763,3.1170826,-0.15607202,-6.3049808,7.158214,,select pause 3
15:23:09,340,-3.1273704,0.83859366,3.1127605,-0.15607202,-6.3049808,7.158214,,select pause 3
15:23:09,341,-3.1273704,0.83859366,3.1127605,-0.14410101,-6.405537,7.2348285,,select pause 3
15:23:09,342,-3.1272056,0.8357848,3.109514,-0.14410101,-6.405537,7.2348285,,select pause 3
15:23:09,343,-3.1272056,0.8357848,3.109514,-0.14170681,-6.32174,7.4574895,,select pause 3
15:23:09,344,-3.123488,0.8298955,3.10355,-0.14170681,-6.32174,7.4574895,,select pause 3
15:23:09,345,-3.123488,0.8298955,3.10355,-0.045938745,-6.6138325,7.6633906,,select pause 3
15:23:09,346,-3.1289642,0.82176435,3.107584,-0.045938745,-6.6138325,7.6633906,,select pause 3
15:23:09,347,-3.1289642,0.82176435,3.107584,-0.10339958,-6.5180645,7.819014,,select up
15:23:09,348,3.1223729,0.82397336,3.1291492,-0.10339958,-6.5180645,7.819014,,select up
15:23:10,349,3.1223729,0.82397336,3.1291492,0.18151042,-6.4462385,7.299472,,select up
15:23:10,350,3.05629,0.8113713,-3.1118932,0.18151042,-6.4462385,7.299472,,select up
15:23:10,351,3.05629,0.8113713,-3.1118932,1.1751041,-8.696788,10.119842,,select up
15:23:10,352,3.0028875,0.79547423,-3.0689595,1.1751041,-8.696788,10.119842,,select up
15:23:10,353,3.0028875,0.79547423,-3.0689595,6.82542,-9.264214,11.872397,,select up
15:23:10,354,2.7996798,0.7181836,-2.8357804,6.82542,-9.264214,11.872397,,select up
15:23:10,355,2.7996798,0.7181836,-2.8357804,7.960272,-7.4805336,10.347291,,select up
15:23:10,356,2.4725807,0.6165695,-2.412245,7.960272,-7.4805336,10.347291,,select up
15:23:10,357,2.4725807,0.6165695,-2.412245,9.042451,-6.8269167,8.908376,,select up
15:23:10,358,2.1355503,0.4944732,-1.9534678,9.042451,-6.8269167,8.908376,,select up
15:23:10,359,2.1355503,0.4944732,-1.9534678,13.2730055,-5.229984,4.225317,,select up
15:23:10,360,2.0208123,0.40196007,-1.7931616,13.2730055,-5.229984,4.225317,,select up
15:23:10,361,2.0208123,0.40196007,-1.7931616,7.3258085,-3.2044892,2.9037178,,select up
15:23:10,362,1.8986007,0.2772882,-1.6352009,7.3258085,-3.2044892,2.9037178,,select up
15:23:10,363,1.8986007,0.2772882,-1.6352009,5.8342204,-3.7862804,1.5940894,,select up
15:23:10,364,1.84772,0.23743027,-1.624746,5.8342204,-3.7862804,1.5940894,,select up
15:23:10,365,1.84772,0.23743027,-1.624746,5.3338323,-0.7743746,1.3738228,,select up
15:23:10,366,1.7260556,0.27141252,-1.6479656,5.3338323,-0.7743746,1.3738228,,select up
15:23:10,367,1.7260556,0.27141252,-1.6479656,6.097583,-0.020201078,0.77048403,,select up
15:23:10,368,1.6728554,0.29846328,-1.6725519,6.097583,-0.020201078,0.77048403,,select up
15:23:10,369,1.6728554,0.29846328,-1.6725519,5.563676,-0.5349544,1.4743793,,select up
15:23:10,370,1.5903281,0.36980668,-1.7634299,5.563676,-0.5349544,1.4743793,,select up
15:23:10,371,1.5903281,0.36980668,-1.7634299,6.341791,-1.0951977,2.0394108,,select up
15:23:10,372,1.5327479,0.40348008,-1.8165523,6.341791,-1.0951977,2.0394108,,select up
15:23:10,373,1.5327479,0.40348008,-1.8165523,8.060828,-1.1909657,2.9204772,,select up
15:23:10,374,1.5141015,0.41350785,-1.8263066,8.060828,-1.1909657,2.9204772,,select up
15:23:10,375,1.5141015,0.41350785,-1.8263066,8.563611,-1.0137948,3.6818333,,select up
15:23:10,376,1.5104957,0.41798556,-1.8228346,8.563611,-1.0137948,3.6818333,,select up
15:23:11,377,1.5104957,0.41798556,-1.8228346,8.712051,-0.96351653,3.7488708,,select up
15:23:11,378,1.5020673,0.42433834,-1.8054852,8.712051,-0.96351653,3.7488708,,select up
15:23:11,379,1.5020673,0.42433834,-1.8054852,8.855703,-1.2580034,4.069694,,select up
15:23:11,380,1.5009719,0.4255513,-1.7876416,8.855703,-1.2580034,4.069694,,select up
15:23:11,381,1.5009719,0.4255513,-1.7876416,9.080758,-0.7935282,4.007445,,select up
15:23:11,382,1.4958332,0.4306913,-1.7788018,9.080758,-0.7935282,4.007445,,select up
15:23:11,383,1.4958332,0.4306913,-1.7788018,8.714445,-1.7727567,4.7065516,,select up
15:23:11,384,1.5128961,0.43255603,-1.7885642,8.714445,-1.7727567,4.7065516,,select up
15:23:11,385,1.5128961,0.43255603,-1.7885642,8.973019,-1.3537714,4.2779894,,select pause 4
15:23:11,386,1.517389,0.43243742,-1.7870674,8.973019,-1.3537714,4.2779894,,select pause 4
15:23:11,387,1.517389,0.43243742,-1.7870674,8.932318,-1.5357307,4.191798,,select pause 4
15:23:11,388,1.5116707,0.43463555,-1.7867503,8.932318,-1.5357307,4.191798,,select pause 4
15:23:11,389,1.5116707,0.43463555,-1.7867503,8.841338,-1.4615105,4.0888476,,select pause 4
15:23:11,390,1.5163639,0.4332573,-1.7904714,8.841338,-1.4615105,4.0888476,,select pause 4
15:23:11,391,1.5163639,0.4332573,-1.7904714,8.81979,-1.8302176,4.0840592,,select pause 4
15:23:11,392,1.5179778,0.4313108,-1.7899114,8.81979,-1.8302176,4.0840592,,select pause 4
15:23:11,393,1.5179778,0.4313108,-1.7899114,8.757541,-1.8014871,4.239682,,select pause 4
15:23:11,394,1.5138154,0.43228972,-1.7857373,8.757541,-1.8014871,4.239682,,select pause 4
15:23:11,395,1.5138154,0.43228972,-1.7857373,8.764724,-1.5788264,4.1367316,,select pause 4
15:23:11,396,1.5117947,0.43294862,-1.783294,8.764724,-1.5788264,4.1367316,,select pause 4
15:23:11,397,1.5117947,0.43294862,-1.783294,8.810213,-1.7559973,4.0864534,,select pause 4
15:23:11,398,1.5109895,0.43436193,-1.7796625,8.810213,-1.7559973,4.0864534,,select pause 4
15:23:11,399,1.5109895,0.43436193,-1.7796625,8.779089,-1.5524901,4.249259,,select pause 4
15:23:11,400,1.5088565,0.43668586,-1.7779093,8.779089,-1.5524901,4.249259,,select pause 4
15:23:11,401,1.5088565,0.43668586,-1.7779093,8.685715,-1.8158524,4.5868416,,select pause 4
15:23:11,402,1.5096791,0.44357908,-1.7769053,8.685715,-1.8158524,4.5868416,,select pause 4
15:23:11,403,1.5096791,0.44357908,-1.7769053,8.558823,-1.5237597,4.263624,,select pause 4
15:23:11,404,1.5074445,0.4436756,-1.7679267,8.558823,-1.5237597,4.263624,,select pause 4
15:23:11,405,1.5074445,0.4436756,-1.7679267,8.721628,-1.5381249,4.4048824,,select pause 4
15:23:12,406,1.5167961,0.4392078,-1.7622687,8.721628,-1.5381249,4.4048824,,select pause 4
15:23:12,407,1.5167961,0.4392078,-1.7622687,8.898799,-1.574038,4.191798,,select pause 4
15:23:12,408,1.5240798,0.4365624,-1.7622163,8.898799,-1.574038,4.191798,,select pause 4
15:23:12,409,1.5240798,0.4365624,-1.7622163,9.011326,-1.3106757,4.275595,,select pause 4
15:23:12,410,1.5283554,0.43594643,-1.7617991,9.011326,-1.3106757,4.275595,,select pause 4
15:23:12,411,1.5283554,0.43594643,-1.7617991,8.810213,-1.7296611,4.390517,,select pause 4
15:23:12,412,1.5418464,0.43617654,-1.7674767,8.810213,-1.7296611,4.390517,,select pause 4
15:23:12,413,1.5418464,0.43617654,-1.7674767,8.755147,-1.6362872,4.318691,,select pause 4
15:23:12,414,1.5524056,0.43707132,-1.774551,8.755147,-1.6362872,4.318691,,select pause 4
15:23:12,415,1.5524056,0.43707132,-1.774551,8.666561,-1.7248727,4.294749,,select pause 4
15:23:12,416,1.553971,0.43802622,-1.7770667,8.666561,-1.7248727,4.294749,,select pause 4
15:23:12,417,1.553971,0.43802622,-1.7770667,8.759935,-1.7392379,4.1367316,,select pause 4
15:23:12,418,1.557303,0.4379635,-1.7794961,8.759935,-1.7392379,4.1367316,,select pause 4
15:23:12,419,1.557303,0.4379635,-1.7794961,8.7910595,-1.823035,4.249259,,select pause 4
15:23:12,420,1.5573229,0.43882996,-1.7789806,8.7910595,-1.823035,4.249259,,select pause 4
15:23:12,421,1.5573229,0.43882996,-1.7789806,8.795848,-1.7320553,4.321085,,select pause 4
15:23:12,422,1.5546612,0.4419269,-1.7748986,8.795848,-1.7320553,4.321085,,select pause 4
15:23:12,423,1.5546612,0.4419269,-1.7748986,8.769512,-1.6051626,4.4048824,,select pause 4
15:23:12,424,1.5556246,0.4438639,-1.7730763,8.769512,-1.6051626,4.4048824,,select pause 4
15:23:12,425,1.5556246,0.4438639,-1.7730763,8.62586,-1.3896844,4.412065,,select pause 4
15:23:12,426,1.5541124,0.44820943,-1.7677515,8.62586,-1.3896844,4.412065,,select pause 4
15:23:12,427,1.5541124,0.44820943,-1.7677515,8.721628,-1.5477017,4.333056,,select pause 4
15:23:12,428,1.5562212,0.45013955,-1.7634991,8.721628,-1.5477017,4.333056,,select pause 4
15:23:12,429,1.5562212,0.45013955,-1.7634991,8.709657,-1.3872902,4.486285,,select pause 4
15:23:12,430,1.5551941,0.45374876,-1.7593763,8.709657,-1.3872902,4.486285,,select pause 4
15:23:12,431,1.5551941,0.45374876,-1.7593763,8.771906,-1.5285481,4.498256,,select pause 4
15:23:12,432,1.5579013,0.4538302,-1.7598023,8.771906,-1.5285481,4.498256,,select pause 4
15:23:12,433,1.5579013,0.4538302,-1.7598023,8.688109,-1.5070003,4.390517,,select pause 4
15:23:12,434,1.5632577,0.4522995,-1.7585611,8.688109,-1.5070003,4.390517,,select pause 4
15:23:13,435,1.5632577,0.4522995,-1.7585611,8.685715,-1.5309423,4.459949,,select pause 4
15:23:13,436,1.5635016,0.45335153,-1.7543656,8.685715,-1.5309423,4.459949,,select pause 4
15:23:13,437,1.5635016,0.45335153,-1.7543656,8.8389435,-1.2699744,4.433613,,select pause 4
15:23:13,438,1.5644937,0.45101517,-1.7505059,8.8389435,-1.2699744,4.433613,,select pause 4
15:23:13,439,1.5644937,0.45101517,-1.7505059,8.858097,-1.586009,4.462343,,select pause 4
15:23:13,440,1.5685236,0.44876665,-1.7518078,8.858097,-1.586009,4.462343,,select pause 4
15:23:13,441,1.5685236,0.44876665,-1.7518078,8.781483,-1.7033249,4.318691,,select pause 4
15:23:13,442,1.5751292,0.44436306,-1.7567463,8.781483,-1.7033249,4.318691,,select pause 4
15:23:13,443,1.5751292,0.44436306,-1.7567463,8.683321,-1.5931916,4.263624,,select pause 4
15:23:13,444,1.5732768,0.44221744,-1.7519708,8.683321,-1.5931916,4.263624,,select down
15:23:13,445,1.5732768,0.44221744,-1.7519708,8.894011,-1.3034931,4.1487026,,select down
15:23:13,446,1.5647452,0.441744,-1.7373034,8.894011,-1.3034931,4.1487026,,select down
15:23:13,447,1.5647452,0.441744,-1.7373034,8.8150015,-1.0592846,4.115184,,select down
15:23:13,448,1.5604727,0.44218627,-1.7303574,8.8150015,-1.0592846,4.115184,,select down
15:23:13,449,1.5604727,0.44218627,-1.7303574,8.343344,-0.84141225,3.5429697,,select down
15:23:13,450,1.5645193,0.43976817,-1.7237988,8.343344,-0.84141225,3.5429697,,select down
15:23:13,451,1.5645193,0.43976817,-1.7237988,8.307431,-1.0233716,3.3969233,,select down
15:23:13,452,1.6067601,0.4279444,-1.7284541,8.307431,-1.0233716,3.3969233,,select down
15:23:13,453,1.6067601,0.4279444,-1.7284541,8.367286,-1.3082815,3.5166333,,select down
15:23:13,454,1.6246636,0.42358115,-1.6906931,8.367286,-1.3082815,3.5166333,,select down
15:23:13,455,1.6246636,0.42358115,-1.6906931,8.075193,-0.21173722,3.416077,,select down
15:23:13,456,1.6267734,0.42067558,-1.6601607,8.075193,-0.21173722,3.416077,,select down
15:23:13,457,1.6267734,0.42067558,-1.6601607,6.0066032,0.70284784,2.8558338,,select down
15:23:13,458,1.6453539,0.42244598,-1.5994439,6.0066032,0.70284784,2.8558338,,select down
15:23:13,459,1.6453539,0.42244598,-1.5994439,4.912453,0.59271455,3.3346741,,select down
15:23:13,460,1.6671922,0.4462891,-1.5286764,4.912453,0.59271455,3.3346741,,select down
15:23:13,461,1.6671922,0.4462891,-1.5286764,5.8773165,0.2287959,4.033781,,select down
15:23:13,462,1.6345907,0.502825,-1.4347948,5.8773165,0.2287959,4.033781,,select down
15:23:14,463,1.6345907,0.502825,-1.4347948,5.2021513,-0.07287352,4.0601172,,select down
15:23:14,464,1.6908795,0.5964388,-1.464012,5.2021513,-0.07287352,4.0601172,,select down
15:23:14,465,1.6908795,0.5964388,-1.464012,4.943578,-4.540454,6.4591074,,select down
15:23:14,466,1.7895035,0.66973233,-1.5539927,4.943578,-4.540454,6.4591074,,select down
15:23:14,467,1.7895035,0.66973233,-1.5539927,5.4535427,-2.644246,7.5149503,,select down
15:23:14,468,1.9932917,0.84196836,-1.7491516,5.4535427,-2.644246,7.5149503,,select down
15:23:14,469,1.9932917,0.84196836,-1.7491516,6.0927944,-2.4742577,10.658537,,select down
15:23:14,470,2.4534593,0.9701459,-2.2404747,6.0927944,-2.4742577,10.658537,,select down
15:23:14,471,2.4534593,0.9701459,-2.2404747,2.6307788,-8.347235,11.611429,,select down
15:23:14,472,2.9221385,0.8818234,-2.8147995,2.6307788,-8.347235,11.611429,,select down
15:23:14,473,2.9221385,0.8818234,-2.8147995,1.4600141,-8.888324,9.633819,,select down
15:23:14,474,3.0151448,0.8307109,-2.9889245,1.4600141,-8.888324,9.633819,,select down
15:23:14,475,3.0151448,0.8307109,-2.9889245,1.2181997,-8.294562,9.265112,,select down
15:23:14,476,3.0827997,0.74827904,3.0663102,1.2181997,-8.294562,9.265112,,select down
15:23:14,477,3.0827997,0.74827904,3.0663102,1.0649709,-9.427019,9.176526,,select down
15:23:14,478,3.089029,0.72988117,2.9650636,1.0649709,-9.427019,9.176526,,select down
15:23:14,479,3.089029,0.72988117,2.9650636,-0.47210664,-7.7008,9.236382,,select down
15:23:14,480,3.1330664,0.7566629,2.9165869,-0.47210664,-7.7008,9.236382,,select down
15:23:14,481,3.1330664,0.7566629,2.9165869,-1.0084078,-7.142951,7.742399,,select down
15:23:14,482,-3.1321795,0.75211954,2.9195387,-1.0084078,-7.142951,7.742399,,select down
15:23:14,483,-3.1321795,0.75211954,2.9195387,-1.211915,-6.9107137,7.095965,,select down
15:23:14,484,-3.1119819,0.77632946,2.931534,-1.211915,-6.9107137,7.095965,,select down
15:23:14,485,-3.1119819,0.77632946,2.931534,-1.3747207,-6.6401687,6.370522,,select down
15:23:14,486,-3.1218345,0.8061422,2.9486,-1.3747207,-6.6401687,6.370522,,select down
15:23:14,487,-3.1218345,0.8061422,2.9486,-1.9589059,-6.901137,6.3250318,,select down
15:23:14,488,3.128704,0.7965852,2.9693632,-1.9589059,-6.901137,6.3250318,,select down
15:23:14,489,3.128704,0.7965852,2.9693632,-1.4992192,-6.6473513,6.2867246,,select down
15:23:14,490,3.1119502,0.7835831,2.980243,-1.4992192,-6.6473513,6.2867246,,select down
15:23:14,491,3.1119502,0.7835831,2.980243,-1.4273931,-6.704812,6.4615016,,select down
15:23:15,492,3.0969794,0.7643056,2.987268,-1.4273931,-6.704812,6.4615016,,select down
15:23:15,493,3.0969794,0.7643056,2.987268,-1.307683,-6.8364935,6.8182373,,select down
15:23:15,494,3.0987716,0.760487,2.9864476,-1.307683,-6.8364935,6.8182373,,select down
15:23:15,495,3.0987716,0.760487,2.9864476,-1.2047324,-6.949021,6.9618897,,select down
15:23:15,496,3.1086564,0.753428,2.9870186,-1.2047324,-6.949021,6.9618897,,select down
15:23:15,497,3.1086564,0.753428,2.9870186,-1.1688193,-6.8364935,6.732046,,select down
15:23:15,498,3.1135793,0.7543645,2.9883435,-1.1688193,-6.8364935,6.732046,,select down
15:23:15,499,3.1135793,0.7543645,2.9883435,-1.0515034,-6.901137,6.696133,,select down
15:23:15,500,3.1211915,0.7539686,2.988929,-1.0515034,-6.901137,6.696133,,select pause 5
15:23:15,501,3.1211915,0.7539686,2.988929,-1.1712135,-6.889166,6.621913,,select pause 5
15:23:15,502,3.1304162,0.7522051,2.9860475,-1.1712135,-6.889166,6.621913,,select pause 5
15:23:15,503,3.1304162,0.7522051,2.9860475,-1.2981062,-7.0184526,6.526145,,select pause 5
15:23:15,504,-3.1353095,0.7459814,2.976048,-1.2981062,-7.0184526,6.526145,,select pause 5
15:23:15,505,-3.1353095,0.7459814,2.976048,-1.472883,-6.9226847,6.6554317,,select pause 5
15:23:15,506,-3.125558,0.7449698,2.9695048,-1.472883,-6.9226847,6.6554317,,select pause 5
15:23:15,507,-3.125558,0.7449698,2.9695048,-1.3483845,-7.0376062,6.7942953,,select pause 5
15:23:15,508,-3.116934,0.7379863,2.967567,-1.3483845,-7.0376062,6.7942953,,select pause 5
15:23:15,509,-3.116934,0.7379863,2.967567,-1.1137527,-6.8939543,6.6506433,,select pause 5
15:23:15,510,-3.1139152,0.7342557,2.968176,-1.1137527,-6.8939543,6.6506433,,select pause 5
15:23:15,511,-3.1139152,0.7342557,2.968176,-1.4010569,-7.0400004,6.7511997,,select pause 5
15:23:15,512,-3.1192777,0.7322196,2.96915,-1.4010569,-7.0400004,6.7511997,,select pause 5
15:23:15,513,-3.1192777,0.7322196,2.96915,-1.3292309,-7.0256352,6.6027594,,select pause 5
15:23:15,514,-3.1241357,0.7325401,2.9710019,-1.3292309,-7.0256352,6.6027594,,select pause 5
15:23:15,515,-3.1241357,0.7325401,2.9710019,-1.3483845,-7.0016932,6.6147304,,select pause 5
15:23:15,516,-3.1304748,0.7348489,2.9735348,-1.3483845,-7.0016932,6.6147304,,select pause 5
15:23:15,517,-3.1304748,0.7348489,2.9735348,-1.2550106,-7.0759134,6.5907884,,select pause 5
15:23:15,518,-3.1293573,0.7399524,2.9740689,-1.2550106,-7.0759134,6.5907884,,select pause 5
15:23:15,519,-3.1293573,0.7399524,2.9740689,-1.1712135,-7.0543656,6.528539,,select pause 5
15:23:16,520,-3.125684,0.74440455,2.975225,-1.1712135,-7.0543656,6.528539,,select pause 5
15:23:16,521,-3.125684,0.74440455,2.975225,-1.2669816,-7.020847,6.597971,,select pause 5
15:23:16,522,-3.125466,0.7449205,2.9757936,-1.2669816,-7.020847,6.597971,,select pause 5
15:23:16,523,-3.125466,0.7449205,2.9757936,-1.2023382,-6.913108,6.5213566,,select pause 5
15:23:16,524,-3.1283338,0.7462449,2.9785378,-1.2023382,-6.913108,6.5213566,,select pause 5
15:23:16,525,-3.1283338,0.7462449,2.9785378,-1.2071266,-6.960992,6.612336,,select pause 5
15:23:16,526,-3.1303575,0.7437469,2.9820485,-1.2071266,-6.960992,6.612336,,select pause 5
15:23:16,527,-3.1303575,0.7437469,2.9820485,-1.1233295,-6.8340993,6.5572696,,select pause 5
15:23:16,528,-3.1248314,0.744401,2.9827933,-1.1233295,-6.8340993,6.5572696,,select pause 5
15:23:16,529,-3.1248314,0.744401,2.9827933,-1.2861352,-6.915502,6.6889505,,select pause 5
15:23:16,530,-3.1198304,0.7456233,2.9814355,-1.2861352,-6.915502,6.6889505,,select pause 5
15:23:16,531,-3.1198304,0.7456233,2.9814355,-1.2526164,-6.8987427,6.7392287,,select pause 5
15:23:16,532,-3.1134486,0.74829036,2.980206,-1.2526164,-6.8987427,6.7392287,,select pause 5
15:23:16,533,-3.1134486,0.74829036,2.980206,-1.2190976,-6.8628297,6.6793737,,select pause 5
15:23:16,534,-3.1123009,0.7492703,2.9799883,-1.2190976,-6.8628297,6.6793737,,select pause 5
15:23:16,535,-3.1123009,0.7492703,2.9799883,-1.2550106,-6.9178963,6.621913,,select pause 5
15:23:16,536,-3.1121318,0.7493538,2.979755,-1.2550106,-6.9178963,6.621913,,select pause 5
15:23:16,537,-3.1121318,0.7493538,2.979755,-1.2286744,-6.7886095,6.5572696,,select pause 5
15:23:16,538,-3.1120641,0.7494137,2.9796562,-1.2286744,-6.7886095,6.5572696,,select pause 5
15:23:16,539,-3.1120641,0.7494137,2.9796562,-1.307683,-6.865224,6.5788174,,select pause 5
15:23:16,540,-3.1130257,0.74858135,2.97719,-1.307683,-6.865224,6.5788174,,select pause 5
15:23:16,541,-3.1130257,0.74858135,2.97719,-1.1161469,-6.9083195,6.6913447,,select pause 5
15:23:16,542,-3.1135714,0.7467951,2.973977,-1.1161469,-6.9083195,6.6913447,,select pause 5
15:23:16,543,-3.1135714,0.7467951,2.973977,-1.2190976,-6.9897223,6.720075,,select pause 5
15:23:16,544,-3.1091144,0.7459114,2.9689915,-1.2190976,-6.9897223,6.720075,,select pause 5
15:23:16,545,-3.1091144,0.7459114,2.9689915,-1.2143092,-6.939444,6.803872,,select pause 5
15:23:16,546,-3.1067882,0.7465152,2.967652,-1.2143092,-6.939444,6.803872,,select pause 5
15:23:16,547,-3.1067882,0.7465152,2.967652,-1.2286744,-6.793398,6.7344403,,select pause 5
15:23:16,548,-3.1054435,0.74817806,2.9672928,-1.2286744,-6.793398,6.7344403,,select pause 5
15:23:17,549,-3.1054435,0.74817806,2.9672928,-1.2190976,-6.8269167,6.7128925,,select pause 5
15:23:17,550,-3.1104307,0.7496183,2.9704883,-1.2190976,-6.8269167,6.7128925,,select pause 5
15:23:17,551,-3.1104307,0.7496183,2.9704883,-1.2454338,-6.8963485,6.6314898,,select pause 5
15:23:17,552,-3.1144416,0.7498871,2.9711034,-1.2454338,-6.8963485,6.6314898,,select pause 5
15:23:17,553,-3.1144416,0.7498871,2.9711034,-1.3435961,-6.8724065,6.6530375,,select pause 5
15:23:17,554,-3.1147614,0.7511091,2.9704278,-1.3435961,-6.8724065,6.6530375,,select pause 5
15:23:17,555,-3.1147614,0.7511091,2.9704278,-1.2550106,-6.8508587,6.6745853,,select pause 5
15:23:17,556,-3.1151536,0.7519732,2.969915,-1.2550106,-6.8508587,6.6745853,,select pause 5
15:23:17,557,-3.1151536,0.7519732,2.969915,-1.2190976,-6.841282,6.684162,,select pause 5
15:23:17,558,-3.113751,0.7523415,2.9652205,-1.2190976,-6.841282,6.684162,,select pause 5
15:23:17,559,-3.113751,0.7523415,2.9652205,-1.3028946,-6.89156,6.6554317,,select pause 5
15:23:17,560,-3.1126204,0.7532535,2.9598827,-1.3028946,-6.89156,6.6554317,,select pause 5
15:23:17,561,-3.1126204,0.7532535,2.9598827,-1.3292309,-6.9298673,6.717681,,select pause 5
15:23:17,562,-3.1142337,0.7529838,2.9589527,-1.3292309,-6.9298673,6.717681,,select pause 5
15:23:17,563,-3.1142337,0.7529838,2.9589527,-1.1975498,-6.8029747,6.6985273,,select pause 5
15:23:17,564,-3.122245,0.753039,2.961962,-1.1975498,-6.8029747,6.6985273,,select pause 5
15:23:17,565,-3.122245,0.753039,2.961962,-1.1664251,-6.8245225,6.7392287,,select pause 5
15:23:17,566,-3.1288326,0.753163,2.96545,-1.1664251,-6.8245225,6.7392287,,select pause 5
15:23:17,567,-3.1288326,0.753163,2.96545,-1.199944,-6.7479076,6.6410666,,select left
15:23:17,568,-3.1303773,0.7545663,2.9663782,-1.199944,-6.7479076,6.6410666,,select left
15:23:17,569,-3.1303773,0.7545663,2.9663782,-1.2430396,-6.762273,7.23004,,select left
15:23:17,570,-3.1330464,0.76060283,2.966127,-1.2430396,-6.762273,7.23004,,select left
15:23:17,571,-3.1330464,0.76060283,2.966127,-1.8248307,-6.369624,7.390452,,select left
15:23:17,572,-3.1186407,0.7807448,2.9489837,-1.8248307,-6.369624,7.390452,,select left
15:23:17,573,-3.1186407,0.7807448,2.9489837,-2.0714333,-7.0783076,7.888446,,select left
15:23:17,574,-3.1068068,0.82420385,2.9334395,-2.0714333,-7.0783076,7.888446,,select left
15:23:17,575,-3.1068068,0.82420385,2.9334395,-0.9317934,-5.795016,7.2204633,,select left
15:23:17,576,-3.1298764,0.8584561,2.9469175,-0.9317934,-5.795016,7.2204633,,select left
15:23:18,577,-3.1298764,0.8584561,2.9469175,-1.1305121,-5.7231894,8.278701,,select left
15:23:18,578,3.1361406,0.86380506,2.9587157,-1.1305121,-5.7231894,8.278701,,select left
15:23:18,579,3.1361406,0.86380506,2.9587157,-1.0826281,-3.5181298,9.899575,,select left
15:23:18,580,3.114938,0.94821274,2.9616463,-1.0826281,-3.5181298,9.899575,,select left
15:23:18,581,3.114938,0.94821274,2.9616463,-0.8072949,-1.1789947,11.867609,,select left
15:23:18,582,3.0750256,1.0896091,2.9303029,-0.8072949,-1.1789947,11.867609,,select left
15:23:18,583,3.0750256,1.0896091,2.9303029,-1.7075148,-2.771139,12.581081,,select left
15:23:18,584,3.0557096,1.173694,2.8798807,-1.7075148,-2.771139,12.581081,,select left
15:23:18,585,3.0557096,1.173694,2.8798807,-2.0043957,-3.2116718,12.655301,,select left
15:23:18,586,3.0253308,1.3617053,2.715274,-2.0043957,-3.2116718,12.655301,,select left
15:23:18,587,3.0253308,1.3617053,2.715274,-0.36197338,-1.6985365,11.010485,,select left
15:23:18,588,-2.2884266,1.5337555,1.4935405,-0.36197338,-1.6985365,11.010485,,select left
15:23:18,589,-2.2884266,1.5337555,1.4935405,-3.7832875,-0.7528268,7.9171762,,select left
15:23:18,590,-1.4623404,1.5143718,0.35849437,-3.7832875,-0.7528268,7.9171762,,select left
15:23:18,591,-1.4623404,1.5143718,0.35849437,-7.0681324,-3.5731964,6.904429,,select left
15:23:18,592,2.0860596,1.495224,2.8085175,-7.0681324,-3.5731964,6.904429,,select left
15:23:18,593,2.0860596,1.495224,2.8085175,-1.8391958,-2.3258173,6.18138,,select left
15:23:18,594,1.6792924,1.4136288,3.008982,-1.8391958,-2.3258173,6.18138,,select left
15:23:18,595,1.6792924,1.4136288,3.008982,-1.4633062,-1.5644612,6.7224693,,select left
15:23:18,596,1.6354069,1.3258958,2.979582,-1.4633062,-1.5644612,6.7224693,,select left
15:23:18,597,1.6354069,1.3258958,2.979582,-0.47689506,-4.420744,8.606707,,select left
15:23:18,598,1.5741931,1.2237997,2.9843128,-0.47689506,-4.420744,8.606707,,select left
15:23:18,599,1.5741931,1.2237997,2.9843128,-0.6827964,-3.30744,8.53488,,select left
15:23:18,600,1.5375552,1.2228942,3.0280354,-0.6827964,-3.30744,8.53488,,select left
15:23:18,601,1.5375552,1.2228942,3.0280354,-0.23747487,-2.9770403,8.386439,,select left
15:23:18,602,1.5260466,1.2227907,3.0437384,-0.23747487,-2.9770403,8.386439,,select left
15:23:18,603,1.5260466,1.2227907,3.0437384,-0.38112697,-3.2619503,8.633042,,select left
15:23:18,604,1.5172801,1.2101266,3.06281,-0.38112697,-3.2619503,8.633042,,select left
15:23:18,605,1.5172801,1.2101266,3.06281,-0.4122516,-3.235614,8.747964,,select left
15:23:19,606,1.523164,1.1975527,3.0698848,-0.4122516,-3.235614,8.747964,,select left
15:23:19,607,1.523164,1.1975527,3.0698848,-0.45774144,-3.2978632,9.0616045,,select left
15:23:19,608,1.5443481,1.194696,3.0570743,-0.45774144,-3.2978632,9.0616045,,select left
15:23:19,609,1.5443481,1.194696,3.0570743,-0.48407766,-3.4056022,8.992172,,select left
15:23:19,610,1.5587953,1.1981932,3.0486007,-0.48407766,-3.4056022,8.992172,,select left
15:23:19,611,1.5587953,1.1981932,3.0486007,-0.29972413,-3.367295,8.891616,,select left
15:23:19,612,1.5681051,1.1999005,3.041375,-0.29972413,-3.367295,8.891616,,select pause 6
15:23:19,613,1.5681051,1.1999005,3.041375,-0.47450083,-3.4989762,9.286659,,select pause 6
15:23:19,614,1.5838363,1.1922467,3.0319486,-0.47450083,-3.4989762,9.286659,,select pause 6
15:23:19,615,1.5838363,1.1922467,3.0319486,-0.46013564,-3.2882864,8.977807,,select pause 6
15:23:19,616,1.5848999,1.1931456,3.0365238,-0.46013564,-3.2882864,8.977807,,select pause 6
15:23:19,617,1.5848999,1.1931456,3.0365238,-0.31408933,-3.4582746,8.721628,,select pause 6
15:23:19,618,1.58485,1.1850356,3.0396287,-0.31408933,-3.4582746,8.721628,,select pause 6
15:23:19,619,1.58485,1.1850356,3.0396287,-0.47450083,-3.9155672,8.862885,,select pause 6
15:23:19,620,1.5878248,1.1881255,3.0374713,-0.47450083,-3.9155672,8.862885,,select pause 6
15:23:19,621,1.5878248,1.1881255,3.0374713,-0.32845455,-3.451092,8.731205,,select pause 6
15:23:19,622,1.5944114,1.1882225,3.0357256,-0.32845455,-3.451092,8.731205,,select pause 6
15:23:19,623,1.5944114,1.1882225,3.0357256,-0.37394437,-3.2739213,8.800636,,select pause 6
15:23:19,624,1.6097349,1.1927228,3.0228126,-0.37394437,-3.2739213,8.800636,,select pause 6
15:23:19,625,1.6097349,1.1927228,3.0228126,-0.64209497,-3.5372834,8.999355,,select pause 6
15:23:19,626,1.6317334,1.2044396,2.998772,-0.64209497,-3.5372834,8.999355,,select pause 6
15:23:19,627,1.6317334,1.2044396,2.998772,-0.65167177,-3.4127848,9.3321495,,select pause 6
15:23:19,628,1.6375078,1.2001954,2.9929652,-0.65167177,-3.4127848,9.3321495,,select pause 6
15:23:19,629,1.6375078,1.2001954,2.9929652,-0.6085761,-3.5037646,9.183709,,select pause 6
15:23:19,630,1.6397238,1.2011275,2.992162,-0.6085761,-3.5037646,9.183709,,select pause 6
15:23:19,631,1.6397238,1.2011275,2.992162,-0.5439327,-3.3936312,9.006537,,select pause 6
15:23:19,632,1.6296312,1.1984029,3.0077944,-0.5439327,-3.3936312,9.006537,,select pause 6
15:23:19,633,1.6296312,1.1984029,3.0077944,-0.37633857,-3.3625066,8.86528,,select pause 6
15:23:20,634,1.6257639,1.1950365,3.0143409,-0.37633857,-3.3625066,8.86528,,select pause 6
15:23:20,635,1.6257639,1.1950365,3.0143409,-0.5870283,-3.4223616,8.72881,,select pause 6
15:23:20,636,1.626762,1.1966313,3.014453,-0.5870283,-3.4223616,8.72881,,select pause 6
15:23:20,637,1.626762,1.1966313,3.014453,-0.5415385,-3.5875616,8.81979,,select pause 6
15:23:20,638,1.6296275,1.1893786,3.015167,-0.5415385,-3.5875616,8.81979,,select pause 6
15:23:20,639,1.6296275,1.1893786,3.015167,-0.5247791,-3.5301008,9.054422,,select pause 6
15:23:20,640,1.6317749,1.182069,3.0160522,-0.5247791,-3.5301008,9.054422,,select pause 6
15:23:20,641,1.6317749,1.182069,3.0160522,-0.49604866,-3.5779848,9.116672,,select pause 6
15:23:20,642,1.637815,1.1873497,3.011584,-0.49604866,-3.5779848,9.116672,,select pause 6
15:23:20,643,1.637815,1.1873497,3.011584,-0.6277298,-3.4103906,9.154979,,select pause 6
15:23:20,644,1.6370643,1.1860498,3.0121734,-0.6277298,-3.4103906,9.154979,,select pause 6
15:23:20,645,1.6370643,1.1860498,3.0121734,-0.48886606,-3.4989762,9.0376625,,select pause 6
15:23:20,646,1.6279843,1.1908959,3.0259871,-0.48886606,-3.4989762,9.0376625,,select pause 6
15:23:20,647,1.6279843,1.1908959,3.0259871,-0.5774515,-3.3601124,8.822185,,select pause 6
15:23:20,648,1.6224463,1.1895373,3.0347724,-0.5774515,-3.3601124,8.822185,,select pause 6
15:23:20,649,1.6224463,1.1895373,3.0347724,-0.38112697,-3.2404025,8.927529,,select pause 6
15:23:20,650,1.6261985,1.1895238,3.030646,-0.38112697,-3.2404025,8.927529,,select pause 6
15:23:20,651,1.6261985,1.1895238,3.030646,-0.5152023,-3.520524,9.123854,,select pause 6
15:23:20,652,1.6247482,1.193107,3.0327082,-0.5152023,-3.520524,9.123854,,select pause 6
15:23:20,653,1.6247482,1.193107,3.0327082,-0.5104139,-3.2044892,8.83655,,select pause 6
15:23:20,654,1.6211749,1.1905428,3.037324,-0.5104139,-3.2044892,8.83655,,select pause 6
15:23:20,655,1.6211749,1.1905428,3.037324,-0.43619362,-3.5995326,8.992172,,select pause 6
15:23:20,656,1.6197183,1.1845747,3.0377815,-0.43619362,-3.5995326,8.992172,,select pause 6
15:23:20,657,1.6197183,1.1845747,3.0377815,-0.41704002,-3.3529298,8.934711,,select pause 6
15:23:20,658,1.6179551,1.177732,3.0386488,-0.41704002,-3.3529298,8.934711,,select pause 6
15:23:20,659,1.6179551,1.177732,3.0386488,-0.45534724,-3.5731964,8.685715,,select pause 6
15:23:20,660,1.618734,1.1757442,3.037859,-0.45534724,-3.5731964,8.685715,,select pause 6
15:23:20,661,1.618734,1.1757442,3.037859,-0.44816464,-3.7120602,8.712051,,select pause 6
15:23:20,662,1.6235029,1.1727053,3.03195,-0.44816464,-3.7120602,8.712051,,select pause 6
15:23:21,663,1.6235029,1.1727053,3.03195,-0.5152023,-3.7024832,8.858097,,select pause 6
15:23:21,664,1.6325723,1.1724521,3.0238261,-0.5152023,-3.7024832,8.858097,,select pause 6
15:23:21,665,1.6325723,1.1724521,3.0238261,-0.618153,-3.5253124,8.944288,,select pause 6
15:23:21,666,1.6402861,1.1735696,3.0180786,-0.618153,-3.5253124,8.944288,,select pause 6
15:23:21,667,1.6402861,1.1735696,3.0180786,-0.55350953,-3.3146226,8.680926,,select pause 6
15:23:21,668,1.6441799,1.1664767,3.0147407,-0.55350953,-3.3146226,8.680926,,select pause 6
15:23:21,669,1.6441799,1.1664767,3.0147407,-0.67082536,-3.8485296,8.901193,,select pause 6
15:23:21,670,1.65907,1.1496949,2.9985864,-0.67082536,-3.8485296,8.901193,,select pause 6
15:23:21,671,1.65907,1.1496949,2.9985864,-0.7306804,-4.1238627,9.157372,,select pause 6
15:23:21,672,1.6697549,1.1500747,2.988765,-0.7306804,-4.1238627,9.157372,,select pause 6
15:23:21,673,1.6697549,1.1500747,2.988765,-0.66364276,-3.4893994,8.8150015,,select pause 6
15:23:21,674,1.6721717,1.1487889,2.9872675,-0.66364276,-3.4893994,8.8150015,,select pause 6
15:23:21,675,1.6721717,1.1487889,2.9872675,-0.66843116,-3.9059904,8.898799,,select pause 6
15:23:21,676,1.6721154,1.1475519,2.9875374,-0.66843116,-3.9059904,8.898799,,select pause 6
15:23:21,677,1.6721154,1.1475519,2.9875374,-0.6875848,-3.8796542,8.970625,,select pause 6
15:23:21,678,1.6670071,1.1417583,2.9936073,-0.6875848,-3.8796542,8.970625,,select pause 6
15:23:21,679,1.6670071,1.1417583,2.9936073,-0.74025726,-3.925144,8.702475,,select pause 6
15:23:21,680,1.6608744,1.1386218,3.0019982,-0.74025726,-3.925144,8.702475,,select pause 6
15:23:21,681,1.6608744,1.1386218,3.0019982,-0.6013935,-3.6426282,8.628254,,select pause 6
15:23:21,682,1.6521882,1.127262,3.0125475,-0.6013935,-3.6426282,8.628254,,select pause 6
15:23:21,683,1.6521882,1.127262,3.0125475,-0.5056255,-3.913173,8.5444565,,select pause 6
15:23:21,684,1.650195,1.1237174,3.0149417,-0.5056255,-3.913173,8.5444565,,select pause 6
15:23:21,685,1.650195,1.1237174,3.0149417,-0.6277298,-4.128651,8.247576,,select right
15:23:21,686,1.6482776,1.1161433,3.0232427,-0.6277298,-4.128651,8.247576,,select right
15:23:21,687,1.6482776,1.1161433,3.0232427,-0.7282862,-4.0999207,8.740782,,select right
15:23:21,688,1.6559024,1.1241599,3.030241,-0.7282862,-4.0999207,8.740782,,select right
15:23:21,689,1.6559024,1.1241599,3.030241,-0.22550388,-3.8461354,9.073576,,select right
15:23:21,690,1.6631783,1.1270616,3.0321102,-0.22550388,-3.8461354,9.073576,,select right
15:23:21,691,1.6631783,1.1270616,3.0321102,-0.5942109,-4.2555437,9.035268,,select right
15:23:22,692,1.656979,1.1245095,3.0476208,-0.5942109,-4.2555437,9.035268,,select right
15:23:22,693,1.656979,1.1245095,3.0476208,-0.8025065,-4.375254,7.498191,,select right
15:23:22,694,1.6252195,1.1012439,3.128842,-0.8025065,-4.375254,7.498191,,select right
15:23:22,695,1.6252195,1.1012439,3.128842,-1.7410336,-4.1549873,5.8916817,,select right
15:23:22,696,1.646942,1.0669838,-3.0669188,-1.7410336,-4.1549873,5.8916817,,select right
15:23:22,697,1.646942,1.0669838,-3.0669188,-1.4226047,-5.3377233,5.977873,,select right
15:23:22,698,1.661826,1.0974332,-2.9020731,-1.4226047,-5.3377233,5.977873,,select right
15:23:22,699,1.661826,1.0974332,-2.9020731,-1.9900305,-5.2275896,7.194127,,select right
15:23:22,700,1.6561084,1.1292311,-2.789934,-1.9900305,-5.2275896,7.194127,,select right
15:23:22,701,1.6561084,1.1292311,-2.789934,-1.295712,-5.088726,8.714445,,select right
15:23:22,702,1.6232597,1.1652257,-2.516458,-1.295712,-5.088726,8.714445,,select right
15:23:22,703,1.6232597,1.1652257,-2.516458,1.6563387,-1.9259856,9.016114,,select right
15:23:22,704,1.712431,1.1842728,-2.363563,1.6563387,-1.9259856,9.016114,,select right
15:23:22,705,1.712431,1.1842728,-2.363563,4.055329,-2.5676317,7.9554834,,select right
15:23:22,706,2.049932,1.2290198,-2.469534,4.055329,-2.5676317,7.9554834,,select right
15:23:22,707,2.049932,1.2290198,-2.469534,0.96202016,-0.37933132,10.055199,,select right
15:23:22,708,2.2981207,1.2251897,-2.6352224,0.96202016,-0.37933132,10.055199,,select right
15:23:22,709,2.2981207,1.2251897,-2.6352224,1.0146927,-2.237232,11.661708,,select right
15:23:22,710,2.7212307,1.0901248,-2.9432669,1.0146927,-2.237232,11.661708,,select right
15:23:22,711,2.7212307,1.0901248,-2.9432669,0.3203741,-4.176535,10.742334,,select right
15:23:22,712,2.9174569,0.9854437,-3.0686808,0.3203741,-4.176535,10.742334,,select right
15:23:22,713,2.9174569,0.9854437,-3.0686808,0.104895964,-4.387225,10.447847,,select right
15:23:22,714,3.0394936,0.93353003,-3.1366773,0.104895964,-4.387225,10.447847,,select right
15:23:22,715,3.0394936,0.93353003,-3.1366773,0.39698857,-4.6434045,8.975413,,select right
15:23:22,716,3.0888493,0.92214036,3.1196868,0.39698857,-4.6434045,8.975413,,select right
15:23:22,717,3.0888493,0.92214036,3.1196868,-0.08185177,-5.938668,8.228422,,select right
15:23:22,718,-3.126443,0.9177326,3.088227,-0.08185177,-5.938668,8.228422,,select right
15:23:22,719,-3.126443,0.9177326,3.088227,-0.86714995,-6.6880527,7.775918,,select right
15:23:23,720,-3.0911548,0.92371804,3.072067,-0.86714995,-6.6880527,7.775918,,select right
15:23:23,721,-3.0911548,0.92371804,3.072067,-1.1783961,-6.573131,7.534104,,select right
15:23:23,722,-3.1133575,0.9113278,3.0851655,-1.1783961,-6.573131,7.534104,,select right
15:23:23,723,-3.1133575,0.9113278,3.0851655,-0.4385878,-6.3528647,7.251588,,select right
15:23:23,724,-3.1317866,0.9014555,3.0975034,-0.4385878,-6.3528647,7.251588,,select right
15:23:23,725,-3.1317866,0.9014555,3.0975034,-0.36915597,-6.1661167,7.215675,,select right
15:23:23,726,3.136939,0.89675474,3.1023293,-0.36915597,-6.1661167,7.215675,,select right
15:23:23,727,3.136939,0.89675474,3.1023293,-0.6804022,-6.1780877,7.27553,,select right
15:23:23,728,3.1348855,0.8927804,3.0960653,-0.6804022,-6.1780877,7.27553,,select right
15:23:23,729,3.1348855,0.8927804,3.0960653,-0.689979,-6.278644,7.380875,,select right
15:23:23,730,3.140211,0.8944713,3.0864835,-0.689979,-6.278644,7.380875,,select right
15:23:23,731,3.140211,0.8944713,3.0864835,-0.5678747,-6.168511,7.194127,,select right
15:23:23,732,-3.1378703,0.8933327,3.0788107,-0.5678747,-6.168511,7.194127,,select right
15:23:23,733,-3.1378703,0.8933327,3.0788107,-0.49365446,-6.295404,7.2372227,,select right
15:23:23,734,-3.130619,0.8917346,3.0660386,-0.49365446,-6.295404,7.2372227,,select right
15:23:23,735,-3.130619,0.8917346,3.0660386,-0.3859154,-6.4318733,7.3042603,,select right
15:23:23,736,-3.1269805,0.886486,3.0617566,-0.3859154,-6.4318733,7.3042603,,select pause 7
15:23:23,737,-3.1269805,0.886486,3.0617566,-0.55350953,-6.477363,7.414394,,select pause 7
15:23:23,738,-3.1266713,0.8786452,3.0609329,-0.55350953,-6.477363,7.414394,,select pause 7
15:23:23,739,-3.1266713,0.8786452,3.0609329,-0.6923732,-6.331317,7.3473563,,select pause 7
15:23:23,740,-3.1300159,0.8743868,3.063253,-0.6923732,-6.331317,7.3473563,,select pause 7
15:23:23,741,-3.1300159,0.8743868,3.063253,-0.6373066,-6.29,,,